Tipo,Pregunta,Respuesta
P1,"¿Quién escribio el libro ""The days of Henry Thoreau""?",Walter Roy Harding
P1,"¿Quién escribio el libro ""Anaïs""?",RILEY FITCH  NOEL
P1,"¿Quién escribio el libro ""Strong opinions""?",Vladimir Nabokov
P1,"¿Quién escribio el libro ""Some of the kinder planets""?",Tim Wynne-Jones
P1,"¿Quién escribio el libro ""Solnt︠s︡e idet s Zapada""?",Aleksandr Gidoni
P1,"¿Quién escribio el libro ""Sand for Snow""?",Robert Edison Sandiford
P1,"¿Quién escribio el libro ""Charles Mair""?",Bruce McDougall
P1,"¿Quién escribio el libro ""The Nabokov-Wilson letters""?",Edmund Wilson
P1,"¿Quién escribio el libro ""The steps of the sun""?",Walter S. Tevis
P1,"¿Quién escribio el libro ""Michael Ondaatje""?",Ed Jewinski
P1,"¿Quién escribio el libro ""Mid Life Confidential""?",Ridley Pearson
P1,"¿Quién escribio el libro ""Wild Stone Heart""?",Sharon Butala
P1,"¿Quién escribio el libro ""Ten Canadian Writers in Context""?",Ying Chen
P1,"¿Quién escribio el libro ""Sherwood Anderson""?",Walter B. Rideout
P1,"¿Quién escribio el libro ""Roughing It""?",Mark Twain
P1,"¿Quién escribio el libro ""Canadian biographies""?",Ontario Library Association.
P1,"¿Quién escribio el libro ""I knew a phoenix""?",May Sarton
P1,"¿Quién escribio el libro ""Coyote country""?",Arnold E. Davidson
P1,"¿Quién escribio el libro ""A twisted fate""?",Brenda Currey Lewis
P1,"¿Quién escribio el libro ""Philip Roth""?",Blake Bailey
P1,"¿Quién escribio el libro ""Crazy Dave""?",Basil Johnston
P1,"¿Quién escribio el libro ""Lucy Maud Montgomery (The Canadians)""?",Mollie Gillen
P1,"¿Quién escribio el libro ""Margaret Atwood The Essential Guide""?",Jonathan Noakes
P1,"¿Quién escribio el libro ""Please excuse my daughter""?",Julie Klam
P1,"¿Quién escribio el libro ""Carry on bumping""?",John Metcalf
P1,"¿Quién escribio el libro ""Lucy Maud Montgomery""?",Jacqueline Langille
P1,"¿Quién escribio el libro ""A man without a country""?",Kurt Vonnegut
P1,"¿Quién escribio el libro ""On being a Maritime writer""?",Hugh MacLennan
P1,"¿Quién escribio el libro ""Who's who in Canadian literature""?",Gordon Ripley
P1,"¿Quién escribio el libro ""The Ethel Wilson Symposium""?",Ethel Wilson Symposium (1981 University of Ottawa)
P1,"¿Quién escribio el libro ""Lafcadio Hearn in Japan""?",Yoné Noguchi
P1,"¿Quién escribio el libro ""Houseboat chronicles""?",Jake MacDonald
P1,"¿Quién escribio el libro ""My body is yours""?",Michael V. Smith
P1,"¿Quién escribio el libro ""Passages""?",Michael Ignatieff
P1,"¿Quién escribio el libro ""Earth Magic""?",Dionne Brand
P1,"¿Quién escribio el libro ""Sundry accounts""?",Irvin S. Cobb
P1,"¿Quién escribio el libro ""Sixty""?",Ian Brown
P1,"¿Quién escribio el libro ""Why Not?""?",Ray Robertson
P1,"¿Quién escribio el libro ""The Canadian west in fiction""?",Edward McCourt
P1,"¿Quién escribio el libro ""Dropped Threads""?",Sharon Carstairs
P1,"¿Quién escribio el libro ""Visions of Cody""?",Jack Kerouac
P1,"¿Quién escribio el libro ""Mid-channel""?",Ludwig Lewisohn
P1,"¿Quién escribio el libro ""Poe and his poetry""?",Lewis Nathaniel Chase
P1,"¿Quién escribio el libro ""Out of Place""?",Edward W. Said
P1,"¿Quién escribio el libro ""The Works of Charlotte Elizabeth""?",Harriet Beecher Stowe
P1,"¿Quién escribio el libro ""Creation""?",Robert Kroetsch
P1,"¿Quién escribio el libro ""American bookmen; sketches, chiefly biographical, of certain writers of the nineteenth century""?",Mark Antony De Wolfe Howe
P1,"¿Quién escribio el libro ""The American Experience -- Fiction""?",Majorie Barrows
P1,"¿Quién escribio el libro ""Author! Author!""?","Williamson, David"
P1,"¿Quién escribio el libro ""The female prose writers of America""?","Hart, John S."
P1,"¿Quién escribio el libro ""Stop-time""?",Frank Conroy
P1,"¿Quién escribio el libro ""That summer in Paris""?",Morley Callaghan
P1,"¿Quién escribio el libro ""City Boy""?",Robert Blumenfeld
P1,"¿Quién escribio el libro ""Wilderness writers: Ernest Thompson Seton, Charles G. D. Roberts, Grey Owl""?",James Polk
P1,"¿Quién escribio el libro ""The Vintage book of Canadian memoirs""?",Margaret Atwood
P1,"¿Quién escribio el libro ""Mid Life Confidential""?",Al Cooper
P1,"¿Quién escribio el libro ""Cigar Box Banjo A Life In Music And Words""?",Roddy Doyle
P1,"¿Quién escribio el libro ""The life and genius of Nathaniel Hawthorne""?",Frank Preston Stearns
P1,"¿Quién escribio el libro ""The Progress of the Seasons""?",George V. Higgins
P1,"¿Quién escribio el libro ""Letters of love and duty""?",Susanna Moodie
P1,"¿Quién escribio el libro ""Twenty-one letters of Ambrose Bierce""?",Samuel Loveman
P1,"¿Quién escribio el libro ""Minority report""?",H. L. Mencken
P1,"¿Quién escribio el libro ""The Swell Season""?",Josef Škvorecký
P1,"¿Quién escribio el libro ""Two lives""?",Janet Malcolm
P1,"¿Quién escribio el libro ""Benjamin Franklin as a man of letters""?",John Bach McMaster
P1,"¿Quién escribio el libro ""The letters of T.S. Eliot""?",T. S. Eliot
P1,"¿Quién escribio el libro ""Great Possessions""?",David Grayson
P1,"¿Quién escribio el libro ""Tom Sawyer, Detective""?",Mark Twain
P1,"¿Quién escribio el libro ""A bibliography of periodical material on the writers of belles-lettres included in A Canadian book of prose and verse""?",Metta Edith Honey
P1,"¿Quién escribio el libro ""Earth horizon""?",Mary Austin
P1,"¿Quién escribio el libro ""Farley""?","King, James"
P1,"¿Quién escribio el libro ""Beyond the Small Circle Dropped Threads 3""?",Marjorie Anderson
P1,"¿Quién escribio el libro ""Susanna Moodie""?",Anne Cimon
P1,"¿Quién escribio el libro ""The pearl of Orr's Island""?",Harriet Stowe
P1,"¿Quién escribio el libro ""Iowa authors and their works""?",Alice Marple
P1,"¿Quién escribio el libro ""Dangerous Dossiers""?",Herbert Mitgang
P1,"¿Quién escribio el libro ""Growing up""?",Russell Baker
P1,"¿Quién escribio el libro ""Gleanings in Buddha-fields""?",Lafcadio Hearn
P1,"¿Quién escribio el libro ""Selected Mark Twain-Howells letters, 1872-1910""?",Frederick Anderson
P1,"¿Quién escribio el libro ""My father's son""?",Farley Mowat
P1,"¿Quién escribio el libro ""Gonzo""?",Jann Wenner
P1,"¿Quién escribio el libro ""How Angel Peterson Got His Name""?",Patrick Lawlor
P1,"¿Quién escribio el libro ""Letters of a lifetime""?",Susanna Moodie
P1,"¿Quién escribio el libro ""A Woman Like That""?",Joan Larkin
P1,"¿Quién escribio el libro ""Les Adieux du Québec à Félix Leclerc""?",Collectif
P1,"¿Quién escribio el libro ""Measure of the year""?",Roderick Langmere Haig-Brown
P1,"¿Quién escribio el libro ""Vidal in Venice""?",Jeff Cummings
P1,"¿Quién escribio el libro ""Letters Home""?",Sylvia Plath
P1,"¿Quién escribio el libro ""Robert Graves""?",Robert Graves
P1,"¿Quién escribio el libro ""Letter to the past""?",George Woodcock
P1,"¿Quién escribio el libro ""Those drinking days""?",Donald Newlove
P1,"¿Quién escribio el libro ""Cannibals and missionaries""?",Mary McCarthy
P1,"¿Quién escribio el libro ""Ringolevio""?",Emmett Grogan
P1,"¿Quién escribio el libro ""Cheaper by the Dozen (Cheaper by the Dozen #1)""?",Ernestine Gilbreth Carey
P1,"¿Quién escribio el libro ""Voices & visions""?",Doris Hillis
P1,"¿Quién escribio el libro ""Bibliography of Georgia authors, 1949-1965""?",John W. Bonner
P1,"¿Quién escribio el libro ""Dropped Threads""?",Anne Hart
P1,"¿Quién escribio el libro ""Literary Outlaw \Use 0370 31586 3\""?",Manuela Carmona García
P1,"¿Quién escribio el libro ""The autobiography of Leroi Jones""?",Amiri Baraka
P1,"¿Quién escribio el libro ""Nellie McClung, the complete autobiography""?",Nellie L. McClung
P2,"¿De qué país es el autor de ""McSorley's wonderful saloon""?",United States
P2,"¿De qué país es el autor de ""The evergreen country""?",United States
P2,"¿De qué país es el autor de ""The Poetry of Anne Wilkinson""?",United States
P2,"¿De qué país es el autor de ""The arms of the infinite""?",United States
P2,"¿De qué país es el autor de ""Cheaper by the Dozen (Cheaper by the Dozen #1)""?",United States
P2,"¿De qué país es el autor de ""J.B. Waid autograph note""?",United States
P2,"¿De qué país es el autor de ""Persons and places""?",United States
P2,"¿De qué país es el autor de ""Some unpublished letters of Henry D. and Sophia E. Thoreau""?",United States
P2,"¿De qué país es el autor de ""A Woman Like That""?",United States
P2,"¿De qué país es el autor de ""Philosophical Fragments Of Your Ancient Name""?",United States
P2,"¿De qué país es el autor de ""Between gods""?",United States
P2,"¿De qué país es el autor de ""Rough South, Rural South""?",United States
P2,"¿De qué país es el autor de ""Nellie McClung""?",United States
P2,"¿De qué país es el autor de ""Speaking for myself""?",United States
P2,"¿De qué país es el autor de ""Contextualizing Anne Sexton""?",United States
P2,"¿De qué país es el autor de ""Memories of a hostess""?",United States
P2,"¿De qué país es el autor de ""Adventures in friendship""?",United States
P2,"¿De qué país es el autor de ""Murder in Montparnasse""?",United States
P2,"¿De qué país es el autor de ""The pearl of Orr's Island""?",United States
P2,"¿De qué país es el autor de ""Gonzo""?",United States
P2,"¿De qué país es el autor de ""In the wilderness""?",United States
P2,"¿De qué país es el autor de ""The Oxford anthology of Canadian literature -- second edition""?",United States
P2,"¿De qué país es el autor de ""Edgar A. Poe""?",United States
P2,"¿De qué país es el autor de ""The Last House on Main Street""?",United States
P2,"¿De qué país es el autor de ""Wild cotton""?",United States
P2,"¿De qué país es el autor de ""Le Daliaf""?",United States
P2,"¿De qué país es el autor de ""Kerouac""?",United States
P2,"¿De qué país es el autor de ""Ringolevio""?",United States
P2,"¿De qué país es el autor de ""Growing up""?",United States
P2,"¿De qué país es el autor de ""Who Was Doris Hedges?""?",United States
P2,"¿De qué país es el autor de ""Felix Paul Greves Karriere""?",United States
P2,"¿De qué país es el autor de ""Ten Canadian Writers in Context""?",United States
P2,"¿De qué país es el autor de ""My grandfather's Cape Breton""?",United States
P2,"¿De qué país es el autor de ""Cannibals and missionaries""?",United States
P2,"¿De qué país es el autor de ""West of Sunset""?",United States
P2,"¿De qué país es el autor de ""The lonely hunter""?",United States
P2,"¿De qué país es el autor de ""The Crayon miscellany""?",United States
P2,"¿De qué país es el autor de ""After Kathy Acker""?",United States
P2,"¿De qué país es el autor de ""Lion Ben of Elm Island""?",United States
P2,"¿De qué país es el autor de ""Necessary secrets""?",United States
P2,"¿De qué país es el autor de ""Letters in the Muscatine journal""?",United States
P2,"¿De qué país es el autor de ""Sounding differences""?",United States
P2,"¿De qué país es el autor de ""H.P. Lovecraft""?",United States
P2,"¿De qué país es el autor de ""Conteurs canadiens-français du xixe siècle""?",United States
P2,"¿De qué país es el autor de ""Our literary heritage""?",United States
P2,"¿De qué país es el autor de ""Transcendental anarchy""?",United States
P2,"¿De qué país es el autor de ""Always Someone To Kill The Doves""?",United States
P2,"¿De qué país es el autor de ""Dust tracks on a road""?",United States
P2,"¿De qué país es el autor de ""John Brown and the era of literary confrontation""?",United States
P2,"¿De qué país es el autor de ""Robertson Davies""?",United States
P2,"¿De qué país es el autor de ""Margaret Atwood The Essential Guide""?",United States
P2,"¿De qué país es el autor de ""After Green Gables""?",United States
P2,"¿De qué país es el autor de ""As long as the rivers flow""?",United States
P2,"¿De qué país es el autor de ""L"" âEcole Littâeraire de Montrâeal""?",United States
P2,"¿De qué país es el autor de ""The Nabokov-Wilson letters""?",United States
P2,"¿De qué país es el autor de ""Lady of the Backwoods""?",United States
P2,"¿De qué país es el autor de ""Crossing Mandelbaum Gate""?",United States
P2,"¿De qué país es el autor de ""Abenaki Daring""?",United States
P2,"¿De qué país es el autor de ""This Side of Wild""?",United States
P2,"¿De qué país es el autor de ""In their words""?",United States
P2,"¿De qué país es el autor de ""Strong opinions""?",United States
P2,"¿De qué país es el autor de ""Gleanings in Buddha-fields""?",United States
P2,"¿De qué país es el autor de ""Bigmama's""?",United States
P2,"¿De qué país es el autor de ""Edgar Allan Poe""?",United States
P2,"¿De qué país es el autor de ""The Endless Steppe""?",United States
P2,"¿De qué país es el autor de ""A Tragic Honesty""?",United States
P2,"¿De qué país es el autor de ""Canadian Literature""?",United States
P2,"¿De qué país es el autor de ""Mostly in clover""?",United States
P2,"¿De qué país es el autor de ""Harlem renaissance and beyond""?",United States
P2,"¿De qué país es el autor de ""William D. Howells""?",United States
P2,"¿De qué país es el autor de ""L' ultime alliance""?",United States
P2,"¿De qué país es el autor de ""Gilbert Imlay""?",United States
P2,"¿De qué país es el autor de ""Beethoven's mask""?",United States
P2,"¿De qué país es el autor de ""Henry James""?",United States
P2,"¿De qué país es el autor de ""J.D. Salinger""?",United States
P2,"¿De qué país es el autor de ""Some time in the sun""?",United States
P2,"¿De qué país es el autor de ""Conversations with Robertson Davies""?",United States
P2,"¿De qué país es el autor de ""Letters to various persons""?",United States
P2,"¿De qué país es el autor de ""Everybody's Autobiography""?",United States
P2,"¿De qué país es el autor de ""Abenaki Daring""?",United States
P2,"¿De qué país es el autor de ""Robertson Davies""?",United States
P2,"¿De qué país es el autor de ""Fishing the High Country""?",United States
P2,"¿De qué país es el autor de ""Black Girl in Paris""?",United States
P2,"¿De qué país es el autor de ""Ralph Waldo Emerson""?",United States
P2,"¿De qué país es el autor de ""Hemingway vs. Fitzgerald""?",United States
P2,"¿De qué país es el autor de ""Some Canadian writers of to-day""?",United States
P2,"¿De qué país es el autor de ""Parcours parallèles""?",United States
P2,"¿De qué país es el autor de ""We who can fly""?",United States
P2,"¿De qué país es el autor de ""The secret of the Hardy boys""?",United States
P2,"¿De qué país es el autor de ""Memoirs of Margaret Fuller Ossoli""?",United States
P2,"¿De qué país es el autor de ""Autobiography""?",United States
P2,"¿De qué país es el autor de ""Heart of a Stranger""?",United States
P2,"¿De qué país es el autor de ""Unearthing Suite""?",United States
P2,"¿De qué país es el autor de ""Sketches from Concord and Appledore""?",United States
P2,"¿De qué país es el autor de ""Syllabus of a course of lectures on California literature and its spirit""?",United States
P2,"¿De qué país es el autor de ""Foreskin's lament""?",United States
P2,"¿De qué país es el autor de ""Conversations with Colum Mccann""?",United States
P2,"¿De qué país es el autor de ""The Shoebox Bible""?",United States
P2,"¿De qué país es el autor de ""Chasing shadows""?",United States
P2,"¿De qué país es el autor de ""Austin C. Clarke and his works""?",United States
P3,"¿En que año se publicó ""Where did you go?  Out.  What did you do?  Nothing""?",1957
P3,"¿En que año se publicó ""Guts""?",2000
P3,"¿En que año se publicó ""Author index""?",1957
P3,"¿En que año se publicó ""Best of Writers and Company""?",2016
P3,"¿En que año se publicó ""The treehouse""?",1970
P3,"¿En que año se publicó ""Down East""?",1996
P3,"¿En que año se publicó ""Autobiographies""?",1987
P3,"¿En que año se publicó ""Zelda Fitzgerald""?",2002
P3,"¿En que año se publicó ""The sketch-book of Geoffrey Crayon, Esq""?",1819
P3,"¿En que año se publicó ""Green Hills of Africa""?",1935
P3,"¿En que año se publicó ""Lucy Maud Montgomery""?",1992
P3,"¿En que año se publicó ""Earth horizon""?",1932
P3,"¿En que año se publicó ""Secret Historian""?",2010
P3,"¿En que año se publicó ""Fear and What Follows""?",2013
P3,"¿En que año se publicó ""Conversations with Edwidge Danticat""?",2017
P3,"¿En que año se publicó ""American Hunger""?",1976
P3,"¿En que año se publicó ""I'll tell you a secret""?",2004
P3,"¿En que año se publicó ""Tom Sawyer, Detective""?",1897
P3,"¿En que año se publicó ""Ruthie's trails""?",2011
P3,"¿En que año se publicó ""Writing below the belt""?",1995
P3,"¿En que año se publicó ""The American Experience -- Fiction""?",1968
P3,"¿En que año se publicó ""The Friendly Road""?",1913
P3,"¿En que año se publicó ""Arts in Canada""?",1993
P3,"¿En que año se publicó ""Famous people I have known""?",1985
P3,"¿En que año se publicó ""Here at the New Yorker""?",1975
P3,"¿En que año se publicó ""A celebration of Arnie""?",2005
P3,"¿En que año se publicó ""Brothers and keepers""?",1984
P3,"¿En que año se publicó ""The kitchen readings""?",2008
P3,"¿En que año se publicó ""Mandatory Reload""?",2001
P3,"¿En que año se publicó ""The Stephen Leacock Quote Book""?",1996
P3,"¿En que año se publicó ""Out-of-doors in the Holy Land""?",1908
P3,"¿En que año se publicó ""The Faulkner-Cowley file""?",1966
P3,"¿En que año se publicó ""Nellie McClung""?",2008
P3,"¿En que año se publicó ""Sisters in two worlds""?",2007
P3,"¿En que año se publicó ""Alice Munro""?",2003
P3,"¿En que año se publicó ""The Van Wyck Brooks-Lewis Mumford letters""?",1970
P3,"¿En que año se publicó ""Acts of love""?",2007
P3,"¿En que año se publicó ""Canadian biographies""?",1947
P3,"¿En que año se publicó ""Susanna Moodie""?",1985
P3,"¿En que año se publicó ""Mexican hooker #1""?",2016
P3,"¿En que año se publicó ""Notes of a son and brother""?",1914
P3,"¿En que año se publicó ""Letters to Jenny""?",1993
P3,"¿En que año se publicó ""A Book About Myself""?",1922
P3,"¿En que año se publicó ""The literary history of Alberta""?",1998
P3,"¿En que año se publicó ""The assimilation experience of five American white ethnic novelists of the twentieth century""?",1990
P3,"¿En que año se publicó ""Two lives""?",2007
P3,"¿En que año se publicó ""Literary Trails of the North Carolina Mountains""?",2007
P3,"¿En que año se publicó ""The absolutist""?",2011
P3,"¿En que año se publicó ""Ma vallée retrouvée""?",1970
P3,"¿En que año se publicó ""Journals Of Ralph Waldo Emerson""?",1909
P3,"¿En que año se publicó ""Lost angels""?",2008
P3,"¿En que año se publicó ""Un québécois à New York""?",2004
P3,"¿En que año se publicó ""Concord Days""?",1872
P3,"¿En que año se publicó ""Profiles""?",1975
P3,"¿En que año se publicó ""Thomas Chandler Haliburton""?",1980
P3,"¿En que año se publicó ""Fireflies""?",1988
P3,"¿En que año se publicó ""Life in letters of William Dean Howells""?",1928
P3,"¿En que año se publicó ""David Suzuki""?",2006
P3,"¿En que año se publicó ""James Reaney""?",1968
P3,"¿En que año se publicó ""The living of Charlotte Perkins Gilman""?",1935
P3,"¿En que año se publicó ""A magpie life""?",2001
P3,"¿En que año se publicó ""John Barleycorn""?",1913
P3,"¿En que año se publicó ""Who was who among North American authors, 1921-1939. --""?",1976
P3,"¿En que año se publicó ""The Otonabee school""?",1977
P3,"¿En que año se publicó ""The letters of Henry James""?",1920
P3,"¿En que año se publicó ""The books in my life""?",1950
P3,"¿En que año se publicó ""Al Purdy""?",1970
P3,"¿En que año se publicó ""The Geography of Arrival""?",2009
P3,"¿En que año se publicó ""Many Lives Mark This Place""?",2019
P3,"¿En que año se publicó ""Literary Outlaw \Use 0370 31586 3\""?",1988
P3,"¿En que año se publicó ""Écrire au temps du nationalisme""?",2014
P3,"¿En que año se publicó ""Krambambuli""?",2019
P3,"¿En que año se publicó ""Mark Twain; a portrait""?",1938
P3,"¿En que año se publicó ""Allen Ginsberg""?",1980
P3,"¿En que año se publicó ""Civil Disobedience""?",1800
P3,"¿En que año se publicó ""Dune""?",1965
P3,"¿En que año se publicó ""Skelton at 60""?",1986
P3,"¿En que año se publicó ""Memoirs of Montparnasse""?",1970
P3,"¿En que año se publicó ""John Brown and the era of literary confrontation""?",2009
P3,"¿En que año se publicó ""Goodbye, Darkness""?",1979
P3,"¿En que año se publicó ""Autobiology""?",1972
P3,"¿En que año se publicó ""The cat who came for Christmas""?",1987
P3,"¿En que año se publicó ""Malcolm Lowry""?",1973
P3,"¿En que año se publicó ""Congee and peanut-butter""?",1990
P3,"¿En que año se publicó ""Some time in the sun""?",1976
P3,"¿En que año se publicó ""Saul Bellow's fiction""?",1969
P3,"¿En que año se publicó ""Black Boy""?",1945
P3,"¿En que año se publicó ""The autobiography of Leroi Jones""?",1984
P3,"¿En que año se publicó ""Anne's world, Maud's world""?",1996
P3,"¿En que año se publicó ""Hell's cartographers : some personal histories of science fiction writers""?",1975
P3,"¿En que año se publicó ""Wild""?",2012
P3,"¿En que año se publicó ""The girl she never was""?",1987
P3,"¿En que año se publicó ""Why Not?""?",2011
P3,"¿En que año se publicó ""Grey Owl""?",2004
P3,"¿En que año se publicó ""This Boy's Life""?",1989
P3,"¿En que año se publicó ""Sleeping with Cats""?",2001
P3,"¿En que año se publicó ""The Poe Shadow""?",2006
P3,"¿En que año se publicó ""The Oxford companion to American literature""?",1941
P3,"¿En que año se publicó ""A book of Canadian prose and verse""?",1923
P3,"¿En que año se publicó ""Pender Harbour cowboy""?",2000
P4,"¿Cual es la categoria o genero del libro ""Emerson in Concord""?","['Biography', 'Homes and haunts', 'American Authors', 'Intellectual life', 'Homes']"
P4,"¿Cual es la categoria o genero del libro ""Le monde est en document""?","['Biography', 'Canadian Authors', 'Photographers']"
P4,"¿Cual es la categoria o genero del libro ""The Canadian West in fiction""?","['Homes and haunts', 'Intellectual life', 'Canadian Authors', 'History and criticism', 'In literature', 'Western stories', 'Canadian fiction', 'Canada in literature', 'Intellectual life.', 'Prairie Provinces in literature']"
P4,"¿Cual es la categoria o genero del libro ""Jack's book""?","['Biography', 'American Authors', 'Écrivains américains', 'Biographies', 'Beat generation', 'Biografie', 'Beats (Persons)', 'Bohemianism', 'Kerouac, jack, 1922-1969', 'Biograpie']"
P4,"¿Cual es la categoria o genero del libro ""William Gilmore Simms""?","['Biography', 'American Authors', 'History and criticism', 'Authors, American', 'In literature', 'American Historical fiction', 'Historical fiction, American']"
P4,"¿Cual es la categoria o genero del libro ""Gentleman of Pleasure""?","['Biography', 'Canadian Authors', 'Biographies', 'Authors, biography', 'Authors, canadian', 'Écrivains canadiens']"
P4,"¿Cual es la categoria o genero del libro ""Houseboat chronicles""?","['Biography', 'Homes and haunts', 'Social life and customs', 'Wilderness areas', 'Description and travel', 'Intellectual life', 'Canadian Authors', 'Outdoor life', 'Journalists', 'Houseboats']"
P4,"¿Cual es la categoria o genero del libro ""L'art presque perdu de ne rien faire""?","['Canadian Authors', 'Anecdotes', 'Reflection (Philosophy)']"
P4,"¿Cual es la categoria o genero del libro ""Henry James, a literary life""?","['Biography', 'American Authors', 'Authors, American', 'James, henry, 1843-1916']"
P4,"¿Cual es la categoria o genero del libro ""The living authors of America""?","['Biography', 'American Authors', 'History and criticism', 'American literature']"
P4,"¿Cual es la categoria o genero del libro ""84, Charing Cross Road""?","['Biography', 'American Authors', 'Correspondence', 'Description and travel', 'Travel', 'Booksellers and bookselling', 'Briefwisseling', 'Antiquariaten', 'Correspondence, reminiscences', 'Marks & Co']"
P4,"¿Cual es la categoria o genero del libro ""Memories of Margaret""?","['Biography', 'Canadian Authors', 'Friends and associates', 'Canadian Novelists', 'Authors, Canadian', 'Authors, Canadian (English)', 'Novelists, Canadian']"
P4,"¿Cual es la categoria o genero del libro ""The acquisition of literary papers in Canada""?","['Canadian Authors', 'Archives', 'Authors, Canadian', 'Acquisitions']"
P4,"¿Cual es la categoria o genero del libro ""Downtown""?","['Homes and haunts', 'American Authors', 'History', 'Nonfiction', 'Antiquarian', 'Manhattan (new york, n.y.)', 'New york (n.y.), history']"
P4,"¿Cual es la categoria o genero del libro ""The Last House on Main Street""?","['Biography', 'Canadian Authors', 'Biographies', 'Anecdotes', 'Authors, Canadian (English)', 'Écrivains canadiens-anglais', 'Story, Gertrude, (1929-)']"
P4,"¿Cual es la categoria o genero del libro ""Howells""?","['Biography', 'American Authors']"
P4,"¿Cual es la categoria o genero del libro ""Romanul reîntoarcerii""?","['Biography', 'Intellectual life', 'Canadian Authors', 'History', 'Travel', 'Editors', 'Romanian Authors', 'Exiled Authors']"
P4,"¿Cual es la categoria o genero del libro ""The Gentle Anarchist""?","['Biography', 'Canadian Authors', 'History', 'Historians', 'Anarchists', 'Anarchism', 'Periodical editors']"
P4,"¿Cual es la categoria o genero del libro ""A history of English literature in a series of biographical sketches""?","['American Authors', 'History and criticism', 'American literature', 'English Authors', 'English literature']"
P4,"¿Cual es la categoria o genero del libro ""U and I""?","['Biography', 'American Authors', 'Authors, American', 'Authors, biography', 'Authorship', 'Updike, john, 1932-2009']"
P4,"¿Cual es la categoria o genero del libro ""Story Keepers""?","['Canadian Authors', 'History and criticism', 'Canadian literature', 'Interviews', 'Theory', 'Authors, Canadian', 'Indian authors']"
P4,"¿Cual es la categoria o genero del libro ""Sand for Snow""?","['Biography', 'Canadian Authors', 'Authors, canadian', 'Black Canadians', 'Blacks, canada', 'Barbados', 'West indies, description and travel']"
P4,"¿Cual es la categoria o genero del libro ""The writer and the Canadian university""?","['Canadian Authors', 'Authors', 'Authors, Canadian']"
P4,"¿Cual es la categoria o genero del libro ""Stephen King Goes to the Movies""?","['Biography', 'American Authors', 'American Short stories', 'Authorship', 'Film and video adaptations', 'American Horror tales', 'Horror tales', 'fiction', 'horror', 'cults']"
P4,"¿Cual es la categoria o genero del libro ""Under eastern eyes""?","['Homes and haunts', 'Intellectual life', 'Canadian Authors', 'History and criticism', 'Histoire et critique', 'In literature', 'Authors, Canadian', 'Canadian fiction', 'Canadian fiction (English)', 'Maritime Provinces']"
P4,"¿Cual es la categoria o genero del libro ""Les Adieux du Québec à Félix Leclerc""?","['Biography', 'Canadian Authors', 'Biographies', 'Singers', 'Authors, French-Canadian', 'Écrivains canadiens-français', 'Authors, Canadian (French)', 'Chanteurs', 'Écrivains québécois']"
P4,"¿Cual es la categoria o genero del libro ""Viola Whitney Pratt""?","['Biography', 'Canadian Authors', 'History and criticism', 'Women authors', 'English literature', 'Artists', 'Editors', 'Bible and literature']"
P4,"¿Cual es la categoria o genero del libro ""Love and Laughter in the Time of Chemotherapy""?","['Biography', 'Canadian Authors', 'Patients', 'Cancer', 'Health', 'Cancer, patients, biography', 'Canada, biography', 'Judges', 'Judges, biography']"
P4,"¿Cual es la categoria o genero del libro ""The Duke of deception""?","['Biography', 'American Authors', 'Authors, american', 'Childhood and youth', 'Youth', 'Authors, biography', 'Impostors and imposture', 'Fathers and sons', 'Fathers']"
P4,"¿Cual es la categoria o genero del libro ""Harriet Beecher Stowe""?","['Biography', 'American Authors', 'Reformers']"
P4,"¿Cual es la categoria o genero del libro ""WRITER'S LIFE, A""?","['Biography', 'Canadian Authors', 'Biographies', 'Sportswriters', 'Authors, Canadian (English)', 'Écrivains canadiens-anglais', 'Novelists, Canadian (English)', 'Romanciers canadiens-anglais', 'Journalistes sportifs']"
P4,"¿Cual es la categoria o genero del libro ""Insomnia""?","['Biography', 'American Authors', 'Relations with women', 'Manuscripts', 'Illustrations', 'American Manuscripts', 'Facsimiles', 'Fac-similés', 'Amis et relations', 'Manuscrits']"
P4,"¿Cual es la categoria o genero del libro ""Mexican hooker #1""?","['Biography', 'Canadian Authors', 'Immigrants', 'Rape victims', 'Women revolutionaries']"
P4,"¿Cual es la categoria o genero del libro ""The Climbers""?",['American Authors']
P4,"¿Cual es la categoria o genero del libro ""Stories about storytellers""?","['Canadian Authors', 'Biographies', 'Anecdotes', 'Histoire', 'Publishers and publishing', 'Authors and publishers', 'McClelland and Stewart Limited', 'Écrivains et éditeurs', 'Éditeurs', 'Écrivains canadiens']"
P4,"¿Cual es la categoria o genero del libro ""Dictionary of Literary Pseudonyms in the English Language""?","['American Authors', 'English Authors', 'Dictionaries', 'American Anonyms and pseudonyms', 'English Anonyms and pseudonyms', 'Anonyms and pseudonyms', 'REFERENCE', 'Genealogy & Heraldry', 'English literature, dictionaries', 'American literature, dictionaries']"
P4,"¿Cual es la categoria o genero del libro ""In the body of the world""?","['Biography', 'American Authors', 'Women', 'Authors, biography', 'Social conditions', 'Patients', 'Cancer', ""Cancer patients' writings, American"", 'Women human rights workers', 'Cancer, patients, biography']"
P4,"¿Cual es la categoria o genero del libro ""The cat and the curmudgeon""?","['Biography', 'American Authors', 'Authors, american', 'Anecdotes', 'Cats', 'Cat owners', 'Cats, legends and stories', 'Human-animal relationships']"
P4,"¿Cual es la categoria o genero del libro ""Margaret Atwood Omnibus. Wilderness Tips/Cat's Eye""?","['Canadian authors', 'English fiction', ""Cat's eye (Atwood, Margaret)""]"
P4,"¿Cual es la categoria o genero del libro ""The Road""?","['Biography', 'American Authors', 'Fiction', 'Travel', 'Classic Literature', 'Authors, american', 'Prisoners', 'Railroad travel', 'Tramps', 'Vagrancy']"
P4,"¿Cual es la categoria o genero del libro ""Burning the Days""?","['Biography', 'American Authors', 'Authors, american', 'Authors, biography', 'Motion picture authorship', 'Korean war, 1950-1953, personal narratives, american', 'Fighter pilots', 'United states, biography', 'James']"
P4,"¿Cual es la categoria o genero del libro ""Sorrow's Kitchen""?","['Biography', 'Juvenile literature', 'Authors, American', 'African American authors', 'African Americans', 'Folklorists', 'Harlem Renaissance', 'Folklore', 'African American women novelists', 'Women folklorists']"
P4,"¿Cual es la categoria o genero del libro ""A Book About Myself""?","['Biography', 'American Authors', 'American fiction (fictional works by one author)', 'American Novelists', 'Journalists']"
P4,"¿Cual es la categoria o genero del libro """"Where did you go?"" ""Out."" ""What did you do?"" ""Nothing.""""?","['Biography', 'American Authors', 'American wit and humor', 'Childhood and youth']"
P4,"¿Cual es la categoria o genero del libro ""The Japanese letters of Lafcadio Hearn""?","['American Authors', 'Correspondence', 'Description and travel', 'Hearn, lafcadio, 1850-1904']"
P4,"¿Cual es la categoria o genero del libro ""Conversations with Barry Hannah""?","['American Authors', 'Authors, american', 'Authors, biography', 'Interviews', 'Authorship', 'BIOGRAPHY & AUTOBIOGRAPHY / Literary', 'Fiction, authorship', 'LITERARY COLLECTIONS / American / General', 'LITERARY CRITICISM / American / General', 'Hannah, barry, 1942-2010']"
P4,"¿Cual es la categoria o genero del libro ""Born naked""?","['Biography', 'Social life and customs', 'Canadian Authors', 'Biographies', 'Childhood and youth', 'Enfance et jeunesse', 'Authors, Canadian (English)', 'Écrivains canadiens-anglais', 'Authors, canadian', 'Canada, biography']"
P4,"¿Cual es la categoria o genero del libro ""Connections""?","['Homes and haunts', 'Intellectual life', 'Canadian Authors', 'Canadian literature', 'In literature', 'Bibliography', 'Bio-bibliography']"
P4,"¿Cual es la categoria o genero del libro ""Some Canadian writers of to-day""?","['Canadian Authors', 'Écrivains canadiens']"
P4,"¿Cual es la categoria o genero del libro ""Home sweet home""?","['Biography', 'Authors, biography', 'Civilization', 'Canadian Novelists', 'Civilisation', 'Authors, canadian', 'Canada, civilization', 'nationalism', 'hockey', 'baseball']"
P4,"¿Cual es la categoria o genero del libro ""Fading History Volume 2""?","['Canadian Authors', 'History', 'Neighborhoods']"
P4,"¿Cual es la categoria o genero del libro ""If I could turn and meet myself""?","['Biography', 'Canadian Authors', 'Authors, biography']"
P4,"¿Cual es la categoria o genero del libro ""Benjamin Sulte""?","['Biography', 'Canadian Authors', 'Authors, Canadian']"
P4,"¿Cual es la categoria o genero del libro ""Barrelhouse kings""?","['Biography', 'Social life and customs', 'Canadian Authors', 'Childhood and youth', 'Family', 'Canadian Novelists', 'Fathers and sons', 'Authors, Canadian', 'Novelists, Canadian', 'Romanciers canadiens']"
P4,"¿Cual es la categoria o genero del libro ""Staying on alone""?","['Biography', 'American Authors', 'Correspondence', 'History', 'Americans', 'Friends and associates', 'Women', 'Authors, American', 'Friendship', 'Toklas, alice b., 1878-1967']"
P4,"¿Cual es la categoria o genero del libro ""Priestdaddy""?","['Biography', 'American Authors', 'Authors, american', 'Authors, biography', 'American Poets', 'Women poets', 'Family', 'Fathers and daughters', 'Poets, biography', 'Catholic church, clergy, biography']"
P4,"¿Cual es la categoria o genero del libro ""Ringolevio""?","['Biography', 'American Authors', 'History', 'Fiction, general', 'Political activists', 'United states, biography', 'Subculture', 'Radicals', 'Counterculture']"
P4,"¿Cual es la categoria o genero del libro ""26 Fairmount Avenue""?","['Biography', 'Homes and haunts', 'American Authors', 'Intellectual life', 'Fiction', 'Juvenile literature', 'Childhood and youth', 'Illustrators', 'award:Newbery_award', 'Juvenile Fiction']"
P4,"¿Cual es la categoria o genero del libro ""Ecstasy of the beats""?","['Biography', 'American Authors', 'Écrivains américains', 'Biographies', 'Beat generation', 'Literatur', 'Beats (Persons)', 'Literary', 'BIOGRAPHY & AUTOBIOGRAPHY', 'American']"
P4,"¿Cual es la categoria o genero del libro ""Thirty-four Atlantic Provinces authors""?",['Canadian Authors']
P4,"¿Cual es la categoria o genero del libro ""Nathaniel Parker Willis""?","['Biography', 'American Authors', 'Authors, American', 'Editors']"
P4,"¿Cual es la categoria o genero del libro ""A Political art""?","['Biography', 'Canadian Authors', 'History and criticism', 'Literature', 'Authors, biography', 'Bibliography', 'Literature, history and criticism', 'Addresses, essays, lectures', 'Authors, canadian']"
P4,"¿Cual es la categoria o genero del libro ""W.O""?","['Biography', 'Canadian Authors', 'Biography & Autobiography', 'Biography / Autobiography', 'Biography/Autobiography', 'Authors, Canadian', 'Historical - General', '1914-1998', 'Mitchell, W. O', 'Artists, Architects, Photographers']"
P4,"¿Cual es la categoria o genero del libro ""Love-letters of Margaret Fuller, 1845-1846""?","['American Authors', 'Correspondence', 'Feminists', 'Fuller, margaret, 1810-1850', 'Love-letters']"
P4,"¿Cual es la categoria o genero del libro ""The journals of Anaïs Nin""?","['Biography', 'American Authors', 'American Women authors']"
P4,"¿Cual es la categoria o genero del libro ""Details from a larger canvas""?","['Biography', 'Canadian Authors', 'Painters', 'Painters, canada']"
P4,"¿Cual es la categoria o genero del libro ""Engendering Genre The Works Of Margaret Atwood""?","['Canadian Authors', 'Criticism and interpretation', 'Interviews', 'Critique et interprétation', 'Authors, Canadian (English)', 'Canadian literature, history and criticism', 'Canadian literature, women authors', 'Atwood, margaret eleanor, 1939-', 'Sex role in literature', 'Rôle selon le sexe dans la littérature']"
P4,"¿Cual es la categoria o genero del libro ""The jewel-hinged jaw""?","['Biography', 'American Authors', 'History and criticism', 'Science fiction', 'Technique', '20th century', 'Fiction, general', 'Addresses, essays, lectures', 'Science-Fiction', 'Science fiction, history and criticism']"
P4,"¿Cual es la categoria o genero del libro ""My body is yours""?","['Biography', 'Canadian Authors', 'Artists', 'Gay men', 'Artists, biography', 'Female impersonators', 'Artists, canada']"
P4,"¿Cual es la categoria o genero del libro ""Thirteen""?","['Biography', 'Canadian Authors', 'Childhood and youth', 'Children', 'World War, 1939-1945', 'Refugees', 'Czech Personal narratives', 'Personal narratives, Czech', 'World war, 1939-1945, personal narratives, canadian', 'Prague (czech republic), history']"
P4,"¿Cual es la categoria o genero del libro ""The Man In The Empty Boat""?","['Biography', 'American Authors', 'Écrivains américains', 'Authors, american', 'Biographies', 'Authors, biography']"
P4,"¿Cual es la categoria o genero del libro ""Écrire au temps du nationalisme""?","['Biography', 'Canadian Authors', 'History and criticism', 'History', 'Canadian literature', 'Nationalism and literature']"
P4,"¿Cual es la categoria o genero del libro ""William D. Howells""?","['Biography', 'American Authors', 'Criticism and interpretation', 'American Novelists', 'Novelists, American', 'Critics', 'Critique et interprétation', 'Howells, William Dean, 1837-1920']"
P4,"¿Cual es la categoria o genero del libro ""Knots in My Yo-Yo String""?","['Biography', 'American Authors', 'Social life and customs', 'Juvenile literature', 'Nonfiction', 'Biography & Autobiography', 'Childhood and youth', 'Juvenile Nonfiction', 'Italian Americans', 'Reading Level-Grade 5']"
P4,"¿Cual es la categoria o genero del libro ""Book of Dreams""?","['American Authors', 'Diaries', 'Fiction, general', 'Beats (Persons)', 'Kerouac, jack, 1922-1969', 'Beat Generation', 'Dreams']"
P4,"¿Cual es la categoria o genero del libro ""Undress me in the Temple of Heaven""?","['American Authors', 'Social life and customs', 'Description and travel', 'Travel', 'Nonfiction', 'Friends and associates', 'Biography & Autobiography', 'Manners and customs', 'Friendship', 'College students']"
P4,"¿Cual es la categoria o genero del libro ""Kansas women in literature""?","['Biography', 'Homes and haunts', 'American Authors', 'Intellectual life', 'Women authors', 'Women', 'American Women authors', 'In literature', 'Women and literature']"
P4,"¿Cual es la categoria o genero del libro ""Canadian children's books""?","['Canadian Authors', 'History and criticism', 'Children', 'Books and reading', 'Bio-bibliography', 'Dictionaries', 'Illustrators', ""Children's literature, Canadian"", ""Illustrated children's books"", 'Litterature de jeunesse canadienne']"
P4,"¿Cual es la categoria o genero del libro ""My Acadian heritage""?","['Biography', 'Social life and customs', 'Canadian Authors', 'Childhood and youth', 'Acadians']"
P4,"¿Cual es la categoria o genero del libro ""The Foundation and the man""?","['Canadian Authors', 'Authors, Canadian', ""Canadian Writers' Foundation""]"
P4,"¿Cual es la categoria o genero del libro ""A Canadian publishing house""?","['Canadian Authors', 'Macmillan Company of Canada']"
P4,"¿Cual es la categoria o genero del libro ""A son of the middle border""?","['Biography', 'American Authors', 'Frontier and pioneer life', 'Authors, american', 'Authors, biography', 'North-western States', 'Garland, hamlin, 1860-1940', 'Frontier and pioneer life, middle west', 'Frontier and pioneer life, northwestern states']"
P4,"¿Cual es la categoria o genero del libro ""Inside out""?","['Biography', 'Canadian Authors', 'Biographies', 'Authors, Canadian (English)', 'Écrivains canadiens-anglais', 'Ecrivains canadiens-anglais']"
P4,"¿Cual es la categoria o genero del libro ""Journeyman""?","['Biography', 'Canadian Authors', 'Travel', 'Biographies', 'Diaries', 'Journaux intimes', 'Voyages', 'Authors, Canadian (English)', 'Ecrivains canadiens-anglais', 'Jounal intime']"
P4,"¿Cual es la categoria o genero del libro ""Literary archives guide =""?","['Biography', 'Canadian Authors', 'Canadian literature', 'Biographies', 'Archives', 'Dictionaries', 'Authors, Canadian', 'Catalogs', 'Catalogues', 'Archival resources']"
P4,"¿Cual es la categoria o genero del libro ""Absolute obsession""?","['Canadian Authors', 'Fiction, romance, general', 'Romantic suspense fiction']"
P4,"¿Cual es la categoria o genero del libro ""Apartment seven""?","['Biography', 'Canadian Authors', 'History and criticism', 'Canadian literature', 'Authors, Canadian', 'Biography', 'Canadian Authors', 'History and criticism', 'Women authors', 'Canadian literature']"
P4,"¿Cual es la categoria o genero del libro ""I. Asimov""?","['Biography', 'American Authors', 'Scientists', 'Science fiction', 'Autobiografie', 'Authorship']"
P4,"¿Cual es la categoria o genero del libro ""Yesterdays with Authors""?","['Biography', 'American Authors', 'English Authors', 'Ballet']"
P4,"¿Cual es la categoria o genero del libro ""Far from the rowan tree""?","['Biography', 'Canadian Authors', 'Scottish Authors', 'Emigration and immigration', 'Authors, Canadian', 'Scots', 'Authors, Scottish']"
P4,"¿Cual es la categoria o genero del libro ""Lucy Maud Montgomery (The Canadians)""?","['Biography', 'Canadian Authors', 'Canadian Novelists', 'Montgomery, l. m. (lucy maud), 1874-1942', 'Montgomery, l. m. (lucy maud), 1874-1942, juvenile literature']"
P4,"¿Cual es la categoria o genero del libro ""James Hall, Literary Pioneer of the Ohio Valley""?","['Biography', 'American Authors', 'Intellectual life', 'Frontier and pioneer life', 'Authors, American', 'Hall, james, 1793-1868']"
P4,"¿Cual es la categoria o genero del libro ""Life of Henry Wadsworth Longfellow""?","['Biography', 'American Authors', 'American Poets', 'Poets, American']"
P4,"¿Cual es la categoria o genero del libro ""The American Notebooks by Nathaniel Hawthorne""?","['Homes and haunts', 'American Authors', 'Social life and customs', 'Description and travel', 'Intellectual life', 'Travel', 'Diaries', 'Brook Farm Phalanx (West Roxbury, Boston, Mass.)', 'Brook Farm Phalanx (West Roxbury, Boston, Mass.).', 'Brook Farm']"
P4,"¿Cual es la categoria o genero del libro ""CBC radio broadcaster Norman Creighton""?","['Biography', 'Canadian Authors', 'Radio writers', 'Officials and employees', 'Canadian Broadcasting Corporation', 'Biography', 'Canadian Authors', 'Radio writers', 'Officials and employees', 'Canadian Broadcasting Corporation']"
P4,"¿Cual es la categoria o genero del libro ""Elizabeth Smart""?","['Biography', 'Canadian Authors', 'Biographies', 'Biographie', 'Authors, canadian', 'Écrivains canadiens', 'Smart, Elizabeth,', 'Biography', 'Canadian Authors']"
P4,"¿Cual es la categoria o genero del libro ""Charles Bruce""?","['Biography', 'Canadian Authors', 'Biography', 'Canadian Authors', 'Authors, Canadian', 'Authors, Canadian (English)', 'Bruce, charles loring, 1826-1890']"
P4,"¿Cual es la categoria o genero del libro ""The Street""?","['Biography', 'Social life and customs', 'Fiction', 'Childhood and youth', 'Youth', 'Canadian Novelists', 'Manners and customs', 'Enfance et jeunesse', 'Jews', 'Autobiographical fiction']"
P4,"¿Cual es la categoria o genero del libro ""Vladimir Nabokov""?","['Biography', 'Homes and haunts', 'American Authors', 'Criticism and interpretation', 'American Novelists', 'Russian Authors', 'New York Times reviewed', 'Biographhy', 'Nabokov, vladimir vladimirovich, 1899-1977', 'New york (n.y.)']"
P4,"¿Cual es la categoria o genero del libro ""Street Angel""?","['Biography', 'Authors, biography', 'Family', 'Artists', 'Artists, biography', 'Authors, Canadian (English)', 'Authors, canadian', 'Artists, canada', 'Newfoundland and labrador, biography', 'Adult child sexual abuse victims']"
P5,"¿Qué editoriales han publicado el libro ""Stephen Leacock""?","['Norwood Editions', 'R. West', 'Macmillan of Canada', 'Fitzhenry & Whiteside Limited', 'Battered Silicon Dispatch Box']"
P5,"¿Qué editoriales han publicado el libro ""The secret life of The lonely doll""?","['Picador', 'H. Holt', 'Holt & Company, Henry', 'Henry Holt and Company']"
P5,"¿Qué editoriales han publicado el libro ""Honey and Ashes""?","['HarperCollins Publishers', 'HarperFlamingo Canada']"
P5,"¿Qué editoriales han publicado el libro ""The absolutist""?","['Black Swan', 'Delidolu', 'Windsor | Paragon', 'Salamandra', 'Tantor Audio', 'Tantor Media Inc', 'Companhia das Letras', 'Doubleday', 'Other Press', 'Windsor', 'Transworld Publishers Limited', 'Other Press, LLC', 'Dogan Kitap', 'Boekerij']"
P5,"¿Qué editoriales han publicado el libro ""Conversations with Jay Parini""?",['University Press of Mississippi']
P5,"¿Qué editoriales han publicado el libro ""Essays from reviews""?",['Dawson']
P5,"¿Qué editoriales han publicado el libro ""Sir John George Bourinot, Victorian Canadian""?","[""McGill-Queen's University Press""]"
P5,"¿Qué editoriales han publicado el libro """"Where did you go?"" ""Out."" ""What did you do?"" ""Nothing.""""?",['Lexikos']
P5,"¿Qué editoriales han publicado el libro ""Apple of my eye""?","['Moyer Bell and its subsidiaries', 'Andre Deutsch', 'Warner', 'Doubleday', 'Moyer Bell Ltd.', 'Futura Publications', 'Deutsch', 'A. Deutsch']"
P5,"¿Qué editoriales han publicado el libro ""W.O""?","['McClelland & Stewart', 'M&S']"
P5,"¿Qué editoriales han publicado el libro ""84, Charing Cross Road""?","['BBC Audiobooks', 'Anagrama', 'Grossman Publishers', 'Autrement', 'Grossman', 'Virago Press', 'Moyer Bell', 'Futura', 'Little, Brown Book Group Limited', 'btb', 'Penguin Books', 'Warner Books', 'Avon', 'Spanish Publishers, LLC', 'Shi bao wen hua', 'Sphere', 'Hachette Audio', 'De Harmonie', 'Editorial Anagrama', 'M. Bell', 'Hoffmann & Campe', 'G K Hall & Co', 'labutxaca', 'Futura Publications', 'Hoffmann und Campe', 'Avon Books', 'Random House Audiobooks', 'Empúries, S.A., Editorial']"
P5,"¿Qué editoriales han publicado el libro ""Journal of a Solitude""?","['W. W. Norton', ""Women's Press"", 'W. W. Norton & Company', 'G. K. Hall', ""Women's Press Ltd,The"", 'Norton', 'GALLO NERO', 'Open Road Integrated Media, Inc.']"
P5,"¿Qué editoriales han publicado el libro ""Keankʻ mě ir hangruannerov u khoherov""?",['HayGir']
P5,"¿Qué editoriales han publicado el libro ""The letters of Henry James""?","['Reprint Services Corporation', 'Adamant Media Corporation', 'Belknap Press']"
P5,"¿Qué editoriales han publicado el libro ""Encyclopedia of American humorists""?","['Garland', 'Taylor & Francis Group']"
P5,"¿Qué editoriales han publicado el libro ""Mais z'encore?""?",['Éditions Trois-Pistoles']
P5,"¿Qué editoriales han publicado el libro ""Gone west""?",['Blue Dot Press']
P5,"¿Qué editoriales han publicado el libro ""The big sea""?","['University of Missouri Press', ""Thunder's Mouth Press"", 'Pluto', ""Serpent's Tail"", 'Tandem Library', 'Pluto Press', 'Farrar, Straus & Giroux', 'Hill & Wang', 'Hill and Wang']"
P5,"¿Qué editoriales han publicado el libro ""The Hoax""?","['Blackstone Audiobooks', 'Permanent Press', 'Knightsbridge Pub Co Mass', 'ereads.com']"
P5,"¿Qué editoriales han publicado el libro ""Frontiers And Sanctuaries""?","[""McGill-Queen's University Press""]"
P5,"¿Qué editoriales han publicado el libro ""Bog tender""?",['Brindle & Glass']
P5,"¿Qué editoriales han publicado el libro ""Going the Distance""?",['Douglas & McIntyre']
P5,"¿Qué editoriales han publicado el libro ""Ezra Pound""?",['Macdonald & Co.']
P5,"¿Qué editoriales han publicado el libro ""Details from a larger canvas""?","['ReadHowYouWant.com, Limited', 'Dundurn Press']"
P5,"¿Qué editoriales han publicado el libro ""Secret Historian""?","['Blackstone Audiobooks', 'Farrar, Straus & Giroux', 'Farrar, Straus and Giroux', 'Blackstone Pub', 'Blackstone Audio, Inc.']"
P5,"¿Qué editoriales han publicado el libro ""Off the road""?","['Black Spring', 'Penguin (Non-Classics)', 'Flamingo', 'Penguin Books', 'W. Morrow']"
P5,"¿Qué editoriales han publicado el libro ""The Works of Charlotte Elizabeth""?","['Franklin Classics', 'Franklin Classics Trade Press', 'Creative Media Partners, LLC']"
P5,"¿Qué editoriales han publicado el libro ""The Oxford anthology of Canadian literature -- second edition""?",['Oxford University Press']
P5,"¿Qué editoriales han publicado el libro ""Chronicles of the Hostile Sun""?",['Williams-Wallace']
P5,"¿Qué editoriales han publicado el libro ""Anne's world, Maud's world""?","['Nimbus Publishing (CN)', 'Nimbus']"
P5,"¿Qué editoriales han publicado el libro ""Theosophic thoughts concerning L.M. Montgomery""?","['DuVernet', 'S. DuVernet']"
P5,"¿Qué editoriales han publicado el libro ""Rollo in Paris""?","['Independently Published', 'Pinnacle Press', 'SMK Books', 'HardPress']"
P5,"¿Qué editoriales han publicado el libro ""Conversations avec un ami""?",['Leméac']
P5,"¿Qué editoriales han publicado el libro ""The examined self""?","['University of Wisconsin Press', 'Princeton University Press']"
P5,"¿Qué editoriales han publicado el libro ""This Boy's Life""?","['Perennial', 'Perennial Library', 'Picador', 'Tandem Library', 'Grove Press', 'Books on Tape', 'Harper Audio', 'Turtleback Books Distributed by Demco Media', 'Atlantic Monthly Press']"
P5,"¿Qué editoriales han publicado el libro ""Artemus Ward (Charles Farrar Browne)""?","['Beekman Publishers', 'Kessinger Publishing, LLC']"
P5,"¿Qué editoriales han publicado el libro ""L' ultime alliance""?",['Editions du Seuil']
P5,"¿Qué editoriales han publicado el libro ""The fathers""?","['Louisiana State University Press', 'Chivers', 'Swallow Press', 'Penguin']"
P5,"¿Qué editoriales han publicado el libro ""In their words""?","['House Of Anansi', 'Anansi']"
P5,"¿Qué editoriales han publicado el libro ""Lone cowboy""?","['Kessinger Publishing', 'Books On Tape', 'Mountain Press Pub. Co.', 'Buccaneer Books', 'University of Nebraska Press']"
P5,"¿Qué editoriales han publicado el libro ""Last Night""?","['Picador', 'Pan Macmillan', 'Knopf', 'Vintage International', 'L´ALTRA']"
P5,"¿Qué editoriales han publicado el libro ""Lean, wind lean""?","['Collins', 'Harpercollins Publisher']"
P5,"¿Qué editoriales han publicado el libro ""Liar""?",['House of Anansi Press']
P5,"¿Qué editoriales han publicado el libro ""An introduction to the study of American literature""?","['Kessinger Publishing, LLC', 'Kessinger Publishing', 'Folcroft Library Editions']"
P5,"¿Qué editoriales han publicado el libro ""Engendering Genre The Works Of Margaret Atwood""?",['University of Ottawa Press']
P5,"¿Qué editoriales han publicado el libro ""American authors, 1600 - 1900""?",['The H. W. Wilson company']
P5,"¿Qué editoriales han publicado el libro ""If I could turn and meet myself""?",['Goose Lane']
P5,"¿Qué editoriales han publicado el libro ""The Paris wife""?","['Anchor Canada', 'Random House Audio', 'Ballantine Books Trade Paperbacks', 'Little, Brown Book Group Limited', 'Center Point Pub.', 'Charnwood', 'Virago Press (UK)']"
P5,"¿Qué editoriales han publicado el libro ""The apprenticeship of Ernest Hemingway""?","['Octagon Books', 'Penguin (Non-Classics)', 'Signet']"
P5,"¿Qué editoriales han publicado el libro ""Things Will Never Be the Same""?","['Puffin', 'Tandem Library', 'Putnam Juvenile', ""G.P. Putnam's Sons"", 'Turtleback Books Distributed by Demco Media']"
P5,"¿Qué editoriales han publicado el libro ""A brief handbook of American authors""?","['Longwood Press', 'Milford House']"
P5,"¿Qué editoriales han publicado el libro ""The night we stole the mountie's car""?","['McClelland & Stewart', 'McClelland and Stewart']"
P5,"¿Qué editoriales han publicado el libro ""Birth to millennium""?",['The Author in co-operation with the Mississauga News']
P5,"¿Qué editoriales han publicado el libro ""Letters and journals of Thomas Wentworth Higginson, 1846-1906""?",['Negro Universities Press']
P5,"¿Qué editoriales han publicado el libro ""Past to present""?",['Lyons Press']
P5,"¿Qué editoriales han publicado el libro ""Mother tongue""?","['Farrar, Straus & Giroux', 'North Point Press']"
P5,"¿Qué editoriales han publicado el libro ""It does no good to be afraid""?",['Oxford University Press']
P5,"¿Qué editoriales han publicado el libro ""China to me""?","['Da Capo Press', 'Beacon Press', 'ereads.com']"
P5,"¿Qué editoriales han publicado el libro ""A dictionary of English authors, biographical and bibliographical""?","['Longwood Press', 'Milford House']"
P5,"¿Qué editoriales han publicado el libro ""Sir Charles god damn""?","['University of Toronto Press', 'Univ of Toronto Pr']"
P5,"¿Qué editoriales han publicado el libro ""The steps of the sun""?","['Knopf Doubleday Publishing Group', 'RosettaBooks', 'Berkley', 'Doubleday', 'Orion Publishing Group, Limited', 'Gollancz', 'Collier Books', 'Corgi']"
P5,"¿Qué editoriales han publicado el libro ""The Celts""?",['McClelland-Bantam']
P5,"¿Qué editoriales han publicado el libro ""A supplement to Allibone's Critical dictionary of English literature and British and American authors""?","['J.B. Lippincott', 'Arkose Press', 'Creative Media Partners, LLC']"
P5,"¿Qué editoriales han publicado el libro ""Caves in the desert""?","['Douglas & McIntyre,Canada', 'Douglas & Mcintyre Ltd']"
P5,"¿Qué editoriales han publicado el libro ""Kinfolks""?","['Arcade Publishing', 'Arcade', 'Skyhorse Publishing Company, Incorporated', 'Arcade Pub.']"
P5,"¿Qué editoriales han publicado el libro ""Edgar Allan Poe, a critical biography""?","['The Johns Hopkins University Press', 'Cooper Square', 'Johns Hopkins University Press']"
P5,"¿Qué editoriales han publicado el libro ""Way down deep in the belly of the beast""?",['Lester Pub.']
P5,"¿Qué editoriales han publicado el libro ""Feeling for the air""?",['Viceroy Power Press']
P5,"¿Qué editoriales han publicado el libro ""If You're Not Free at Work, Where Are You Free""?","['Guernica Editions, Incorporated']"
P5,"¿Qué editoriales han publicado el libro ""Ringolevio""?","['Citadel Trade', 'Penguin Random House', 'Heinemann', 'New York Review Books', 'Citadel Press', 'Gallimard', 'Payback Pr', 'Rebel Inc.']"
P5,"¿Qué editoriales han publicado el libro ""A small boy and others""?","['Telegraph Books', 'Wilson Press', 'Century Bookbindery', 'Gibson Square Books Ltd']"
P5,"¿Qué editoriales han publicado el libro ""The Faulkner-Cowley file""?",['Penguin Books']
P5,"¿Qué editoriales han publicado el libro ""The one I knew the best of all""?","['Frederick Warne', 'Arno Press']"
P5,"¿Qué editoriales han publicado el libro ""Guns and magnolias""?",['Oberon Press']
P5,"¿Qué editoriales han publicado el libro ""Mark Twain's Own Autobiography""?","['Books On Tape', 'Reprint Services Corp', 'Books on Tape, Inc.', 'Dover Publications', 'University of Wisconsin Press']"
P5,"¿Qué editoriales han publicado el libro ""Gather together in my name""?","['Random House', 'Bantam Books', 'Bantam']"
P5,"¿Qué editoriales han publicado el libro ""Ernest Thompson Seton""?",['Fitzhenry & Whiteside']
P5,"¿Qué editoriales han publicado el libro ""Letters to various persons""?","['Folcroft Library Editions', 'Norwood Editions', 'R. West', 'University Press of the Pacific']"
P5,"¿Qué editoriales han publicado el libro ""Wilderness writers: Ernest Thompson Seton, Charles G. D. Roberts, Grey Owl""?","['Clarke, Irwin']"
P5,"¿Qué editoriales han publicado el libro ""Dishes to die for--""?",['Crime Writers of Canada']
P5,"¿Qué editoriales han publicado el libro ""The wheel of things""?","['Fitzhenry & Whiteside', 'Goodread Biography', 'Harrap']"
P5,"¿Qué editoriales han publicado el libro ""Growing up""?","['RosettaBooks', 'Tandem Library', 'New American Library', 'Signet, New American Library', 'Sidgwick & Jackson', 'Penguin Putnam~mass', 'A Plume Book - New American Library', 'Pearson Education, Limited', 'Signet', 'Congdon & Weed', 'Thorndike Press']"
P5,"¿Qué editoriales han publicado el libro ""Firestarter""?","['Hodder', 'Demco Media', ""Editions J'ai lu"", 'Plaza y Janes', 'Poema Pocket', 'Paw Prints 2008-06-26', 'Futura', 'Little, Brown Book Group Limited', 'Turtleback Books', 'Gallery Books', 'Signet', 'Scribner', 'La seine / Succes du livre', 'Hodder & Stoughton', 'Turtleback Books Distributed by Demco Media', 'Heyne Verlag', 'Albin-Michel, Editions', 'Simon & Schuster Audio', 'Penguin Publishing Group', ""J'ai lu"", 'Orbit', 'AST', 'Plaza & Janes', 'France Loisirs', 'Viking Press', 'Phantasia Press', 'Hodder And Stoughton Ltd.', 'DEBOLSILLO', 'New American Library', 'Aims Intl Books Corp', 'Penguin Audio', 'Lübbe', 'Albin Michel', 'Perfection Learning', 'Plaza & Janes Editores, S.A.', 'Taylor & Francis Group']"
P5,"¿Qué editoriales han publicado el libro ""Écrivains contemporains""?","[""Éditions Trait d'union""]"
P5,"¿Qué editoriales han publicado el libro ""A Guide to Recognizing Your Saints""?","['Thunder Mouth Press', 'Blackstone Audio Inc.', ""Thunder's Mouth Press"", 'Hachette Books']"
P5,"¿Qué editoriales han publicado el libro ""Don't let them smell the lobsters cooking""?",['McClelland and Stewart']
P5,"¿Qué editoriales han publicado el libro ""Adventures of a novelist""?","['Reprint Services Corporation', 'Arno Press']"
P5,"¿Qué editoriales han publicado el libro ""The charm school""?","['Ullstein Tb', 'Random House Audio', 'Warner Books', 'Grafton', 'RH Audio Price-less', 'Little, Brown Book Group Limited', 'G.K. Hall', 'Harper Collins', 'Books on Tape, Incorporated', 'Time Warner Paperbacks', 'Grand Central Publishing']"
P5,"¿Qué editoriales han publicado el libro ""26 Fairmount Avenue""?","['Scholastic', 'Listening Library', 'Tandem Library', 'Putnam Juvenile', ""G.P. Putnam's Sons"", 'Perfection Learning Prebound', 'Turtleback Books Distributed by Demco Media', 'Diane Pub Co', 'Mondo', 'CreateSpace Independent Publishing Platform', 'Penguin USA, Inc.']"
P5,"¿Qué editoriales han publicado el libro ""A Cathedral Singer""?","['Kessinger Publishing, LLC', 'IndyPublish.com', 'Copp, Clark', 'Hard Press', 'Dodo Press']"
P5,"¿Qué editoriales han publicado el libro ""The question""?","['Emblem Editions', 'M&S']"
P5,"¿Qué editoriales han publicado el libro ""Remembering Leacock""?",['Deneau']
P5,"¿Qué editoriales han publicado el libro ""Lucy Maud Montgomery""?","['Four East Publications', 'Kids Can Press']"
P5,"¿Qué editoriales han publicado el libro ""A Chance Meeting""?","['Jonathan Cape', 'Penguin Random House', 'Random House Trade Paperbacks', 'Random House', 'Vintage']"
P5,"¿Qué editoriales han publicado el libro ""Syllabus of a course of lectures on California literature and its spirit""?","['Kessinger Publishing, LLC']"
P5,"¿Qué editoriales han publicado el libro ""Love Junkie""?","['Audible Studios on Brilliance Audio', 'Bloomsbury Publishing Plc', 'Bloomsbury Publishing USA', 'Bloomsbury USA', 'Bloomsbury']"
P5,"¿Qué editoriales han publicado el libro ""Contextualizing Anne Sexton""?",['National Library of Canada = Bibliothêque nationale du Canada']
P5,"¿Qué editoriales han publicado el libro ""Selected letters of Henry James""?","['Rosellina Archinto', 'Farrar Straus Giroux']"
P5,"¿Qué editoriales han publicado el libro ""Ruthie's trails""?",['Mount Fable Press']
P5,"¿Qué editoriales han publicado el libro ""Key people""?",['The Federation']
