source,relation,target
Delfina Acosta,es de nacionalidad,paraguaya
Delfina Acosta,es autor de la obra,Versos para este planeta
Delfina Acosta,es autor de la obra,Versos de amor y de locura
Delfina Acosta,es autor de la obra,Guía del cementerio
Chiquita Barreto,es de nacionalidad,paraguaya
Chiquita Barreto,es autor de la obra,La voz negada
Mónica Bustos,es de nacionalidad,paraguaya
Mónica Bustos,es autor de la obra,Club de Los Que Nunca Duermen
Gladys Carmagnola,es de nacionalidad,paraguaya
Gladys Carmagnola,es autor de la obra,Como si hiciera falta
Gladys Carmagnola,es autor de la obra,Poema de la celebración
Gladys Carmagnola,es autor de la obra,"De lodo, miel y lágrimas?"
Renée Checa,es de nacionalidad,paraguaya
Mabel Coronel Cuenca,es de nacionalidad,paraguaya
Mabel Coronel Cuenca,es autor de la obra,Entre Tintas y Pliego
Mabel Coronel Cuenca,es autor de la obra,Tributo a la Poesía
Mabel Coronel Cuenca,es autor de la obra,Alma en Manos
Mabel Coronel Cuenca,es autor de la obra,Antologia Poetica Internacional Mujeres y Sus Plumas II
Mabel Coronel Cuenca,es autor de la obra,Nueva Vida : Más Allá Del Amor
Mabel Coronel Cuenca,es autor de la obra,Tributo a Delfina Acosta
Mabel Coronel Cuenca,es autor de la obra,Rimas Al Amor
Mabel Coronel Cuenca,es autor de la obra,Antología Poética Internacional Mujeres y Sus Plumas III
Mabel Coronel Cuenca,es autor de la obra,Antologia Poetica Internacional Mujeres y Sus Plumas I
Mabel Coronel Cuenca,es autor de la obra,Espejismos
Mabel Coronel Cuenca,es autor de la obra,Entre Líneas
Mabel Coronel Cuenca,es autor de la obra,Sin Rodeos
Mabel Coronel Cuenca,es autor de la obra,Día Del Poeta Paraguayo
Mabel Coronel Cuenca,es autor de la obra,Namasté
Mabel Coronel Cuenca,es autor de la obra,Vestigios
Susy Delgado,es de nacionalidad,paraguaya
Susy Delgado,es autor de la obra,La voz mediterránea
Susy Delgado,es autor de la obra,Ñé ẽ jovái  =
Lourdes Espínola,es de nacionalidad,paraguaya
Lourdes Espínola,es autor de la obra,Antología poética
Susana Gertopán,es de nacionalidad,paraguaya
Susana Gertopán,es autor de la obra,El guardián de los recuerdos
Susana Gertopán,es autor de la obra,Primera pergunta
Susana Gertopán,es autor de la obra,El fin de la memoria
Susana Gertopán,es autor de la obra,El callejón oscuro
Dora Gómez Bueno de Acuña,es de nacionalidad,paraguaya
Teresa Lamas de Rodríguez Alcalá,es de nacionalidad,paraguaya
Maybell Lebron,es de nacionalidad,paraguaya
Maybell Lebron,es autor de la obra,Cenizas de un rencor
Ercilia López de Blomberg,es de nacionalidad,paraguaya
Marta Meyer de Landó,es de nacionalidad,paraguaya
Marisol Palacios,es de nacionalidad,paraguaya
Marisol Palacios,es autor de la obra,Cafe Amargo con Salvia
Faith Wilding,es de nacionalidad,paraguaya
Elsa Matilde Zardini,es de nacionalidad,paraguaya
Carlos Federico Abente,es de nacionalidad,paraguaya
Carlos Federico Abente,es autor de la obra,Ñemitỹ
Eder Acosta Santacruz,es de nacionalidad,paraguaya
Eder Acosta Santacruz,es autor de la obra,Más allá del pasado
Martín Almada,es de nacionalidad,paraguaya
Martín Almada,es autor de la obra,El condor sigue volando
Martín Almada,es autor de la obra,"Paraguay, la cárcel olvidada"
Néstor Amarilla,es de nacionalidad,paraguaya
Néstor Amarilla,es autor de la obra,La pruebera (Español-Guaraní)
Néstor Amarilla,es autor de la obra,Fecha feliz
Rubén Bareiro Saguier,es de nacionalidad,paraguaya
Rubén Bareiro Saguier,es autor de la obra,Paraguay
Rubén Bareiro Saguier,es autor de la obra,Augusto Roa Bastos
Rubén Bareiro Saguier,es autor de la obra,Tentación de la utopía
Rubén Bareiro Saguier,es autor de la obra,La diversidad poética en el Paraguay
Rubén Bareiro Saguier,es autor de la obra,La babosa y sus críticos
Rubén Bareiro Saguier,es autor de la obra,El séptimo pétalo del viento
Rubén Bareiro Saguier,es autor de la obra,La rosa azul
Rubén Bareiro Saguier,es autor de la obra,Ojo por diente
Rubén Bareiro Saguier,es autor de la obra,Diversidad en la literatura de nuestra América
Rubén Bareiro Saguier,es autor de la obra,Concurso de Poesía
Justo Pastor Benítez,es de nacionalidad,paraguaya
Justo Pastor Benítez,es autor de la obra,"La vida solitaria del Dr. José Gaspar de Francia, dictador del Paraguay"
Moisés Santiago Bertoni,es de nacionalidad,paraguaya
Alfredo Boccia Romañach,es de nacionalidad,paraguaya
Alfredo Boccia Romañach,es autor de la obra,Historia de la medicina en el Paraguay
Alfredo Boccia Romañach,es autor de la obra,Sueño y realidad del oro en el nuevo mundo
Ramón Bogarín Argaña,es de nacionalidad,paraguaya
Martín Burt,es de nacionalidad,paraguaya
Hérib Campos Cervera,es de nacionalidad,paraguaya
Ramón Indalecio Cardozo,es de nacionalidad,paraguaya
Gabriel Casaccia,es de nacionalidad,paraguaya
Gabriel Casaccia,es autor de la obra,El bandolero
Gabriel Casaccia,es autor de la obra,Los exiliados
Julio Correa,es de nacionalidad,paraguaya
René Dávalos,es de nacionalidad,paraguaya
René Dávalos,es autor de la obra,René Dávalos--
Juan Santiago Dávalos,es de nacionalidad,paraguaya
Viriato Díaz-Pérez,es de nacionalidad,paraguaya
Santiago Dimas Aranda,es de nacionalidad,paraguaya
Ramiro Domínguez,es de nacionalidad,paraguaya
Ramiro Domínguez,es autor de la obra,Pecados capitales
Ramiro Domínguez,es autor de la obra,El primo Juan
Ramiro Domínguez,es autor de la obra,Obras completas
Ramiro Domínguez,es autor de la obra,Nuestra gente
Ramiro Domínguez,es autor de la obra,"Primeros poemas, 1945-1948 / Ramiro Domínguez"
Ciriaco Duarte,es de nacionalidad,paraguaya
Ticio Escobar,es de nacionalidad,paraguaya
Ticio Escobar,es autor de la obra,Aura latente
Ticio Escobar,es autor de la obra,La invención de la distancia
Ticio Escobar,es autor de la obra,Imagen e intemperie
Ticio Escobar,es autor de la obra,Una interpretación de las artes visuales en el Paraguay
Ticio Escobar,es autor de la obra,La belleza de los otros
Ticio Escobar,es autor de la obra,El mito del arte y el mito del pueblo
Bernhard Förster,es de nacionalidad,paraguaya
Manuel Frutos Pane,es de nacionalidad,paraguaya
Francisco Gaona,es de nacionalidad,paraguaya
Félix Giménez Gómez,es de nacionalidad,paraguaya
Juan Silvano Godoi,es de nacionalidad,paraguaya
Manuel Gondra,es de nacionalidad,paraguaya
Alcibiades González Delvalle,es de nacionalidad,paraguaya
Alcibiades González Delvalle,es autor de la obra,El dolor de Barrett
Alcibiades González Delvalle,es autor de la obra,Trilogía teatral sobre la Guerra del 70
Alcibiades González Delvalle,es autor de la obra,"La hegemonía colorada, 1947-1954"
Alcibiades González Delvalle,es autor de la obra,Un viento negro
Alcibiades González Delvalle,es autor de la obra,¿Qúe hacías aquella noche?
Alejandro Guanes,es de nacionalidad,paraguaya
Mario Halley Mora,es de nacionalidad,paraguaya
Mario Halley Mora,es autor de la obra,Amor de invierno
Mario Halley Mora,es autor de la obra,Obras teatrales
Mario Halley Mora,es autor de la obra,"Cita en el ""San Roque"""
Juan Carlos Herken Krauer,es de nacionalidad,paraguaya
Domingo Laíno,es de nacionalidad,paraguaya
Domingo Laíno,es autor de la obra,Conocimiento y gobierno de José Gaspar de Francia
Arsenio López Decoud,es de nacionalidad,paraguaya
Carlos Martini,es de nacionalidad,paraguaya
Carlos Martini,es autor de la obra,Domingos Contigo
Carlos Martini,es autor de la obra,Tarde de abril
Carlos Martini,es autor de la obra,Dónde estará mi primavera
Ricardo Mazó,es de nacionalidad,paraguaya
Epifanio Méndez Fleitas,es de nacionalidad,paraguaya
Fulgencio R. Moreno,es de nacionalidad,paraguaya
Silvano Mosqueira,es de nacionalidad,paraguaya
Jorge Roberto Ogdon,es de nacionalidad,paraguaya
Juan E. O'Leary,es de nacionalidad,paraguaya
Juan E. O'Leary,es autor de la obra,Recuerdos de gloria
Juan E. O'Leary,es autor de la obra,Recuerdos de gloria
Ignacio A. Pane,es de nacionalidad,paraguaya
Carlos Pastore,es de nacionalidad,paraguaya
José Pérez Reyes,es de nacionalidad,paraguaya
José Pérez Reyes,es autor de la obra,Media Vida
Juan Ramírez Biedermann,es de nacionalidad,paraguaya
Juan Ramírez Biedermann,es autor de la obra,Nobis
Leopoldo Ramos Giménez,es de nacionalidad,paraguaya
Jorge Ritter,es de nacionalidad,paraguaya
José María Rivarola Matto,es de nacionalidad,paraguaya
José María Rivarola Matto,es autor de la obra,José María Rivarola Matto
José María Rivarola Matto,es autor de la obra,Su Señoría tiene miedo : comedia en tres actos. El sectario
José María Rivarola Matto,es autor de la obra,El fin de Chipí González
José María Rivarola Matto,es autor de la obra,Follaje en los ojos
Juan Bautista Rivarola Matto,es de nacionalidad,paraguaya
Hugo Rodríguez Alcalá,es de nacionalidad,paraguaya
Guido Rodríguez Alcalá,es de nacionalidad,paraguaya
Guido Rodríguez Alcalá,es autor de la obra,"A propósito de la guerra contra el Paraguay por la Confederación Argentina, el Uruguay y el Brasil"
Guido Rodríguez Alcalá,es autor de la obra,Narciso
Guido Rodríguez Alcalá,es autor de la obra,La Guerra del Paraguay en primera persona
Guido Rodríguez Alcalá,es autor de la obra,Sobre el autoritarismo y otros ensayos
Guido Rodríguez Alcalá,es autor de la obra,La noche del catorce
Guido Rodríguez Alcalá,es autor de la obra,Narradoras paraguayas
Guido Rodríguez Alcalá,es autor de la obra,Paraguay y Brasil
Guido Rodríguez Alcalá,es autor de la obra,El peluquero francés
Guido Rodríguez Alcalá,es autor de la obra,Caballero
Guido Rodríguez Alcalá,es autor de la obra,Francia
Elvio Romero,es de nacionalidad,paraguaya
Elvio Romero,es autor de la obra,"Elvio Romero, poeta paraguayo"
Elvio Romero,es autor de la obra,Cantar de caminante
Elvio Romero,es autor de la obra,Poesía completa
Elvio Romero,es autor de la obra,Antologia Poetica - Elvio Romero
Elvio Romero,es autor de la obra,Los Innombrables
Elvio Romero,es autor de la obra,Miguel Hernandez - Destino y Poesia
Elvio Romero,es autor de la obra,The Un Relampago Herido
Elvio Romero,es autor de la obra,"Viejo Fuego, El"
Elvio Romero,es autor de la obra,Los valles imaginarios
Jesús Ruiz Nestosa,es de nacionalidad,paraguaya
Juan Manuel Salinas,es de nacionalidad,paraguaya
Caio Scavone,es de nacionalidad,paraguaya
Caio Scavone,es autor de la obra,Cuentos guaireños
Caio Scavone,es autor de la obra,Remedios naturales del Paraguay
Alfredo Seiferheld,es de nacionalidad,paraguaya
Alfredo Seiferheld,es autor de la obra,Testimonios para la historia del Paraguay en el siglo XX
Arnaldo Valdovinos,es de nacionalidad,paraguaya
Helio Vera,es de nacionalidad,paraguaya
Helio Vera,es autor de la obra,La hondita impaciente
Helio Vera,es autor de la obra,El país de la sopa dura
Helio Vera,es autor de la obra,Diccionario del paraguayo estreñido
Helio Vera,es autor de la obra,La Casa Blanca
Helio Vera,es autor de la obra,Diccionario del paraguayo estreñido
Helio Vera,es autor de la obra,El cangrejo inmortal
Helio Vera,es autor de la obra,"Plagueos, ensayos y otros divagues"
Helio Vera,es autor de la obra,Trofeos de la guerra y otros cuentos picarescos
Helio Vera,es autor de la obra,Tutela penal del honor contra lesiones cometidas a través de los medios de comunicación
Helio Vera,es autor de la obra,El verdadero diccionario paraguayo
Helio Vera,es autor de la obra,Antología de cuentos de Helio Vera
Saro Vera,es de nacionalidad,paraguaya
Javier Viveros,es de nacionalidad,paraguaya
Javier Viveros,es autor de la obra,Ñe'ẽnga jarýi
Javier Viveros,es autor de la obra,Paraguái ñe'ẽ
Javier Viveros,es autor de la obra,Manual de esgrima para elefantes
Javier Viveros,es autor de la obra,Javier Viveros
Javier Viveros,es autor de la obra,Ñeenga raity
Javier Viveros,es autor de la obra,"Urbano, demasiado urbano"
Javier Viveros,es autor de la obra,Mensajeámena
Marcos Ybañez,es de nacionalidad,paraguaya
Marcos Ybañez,es autor de la obra,Genocidio Guaraní
Tadeo Zarratea,es de nacionalidad,paraguaya
Tadeo Zarratea,es autor de la obra,La poesía guaraní del siglo XX
Tadeo Zarratea,es autor de la obra,La Ley de lenguas del Paraguay
Carlos Zubizarreta,es de nacionalidad,paraguaya
Carlos Zubizarreta,es autor de la obra,Origen e historias de Asunción
Carlos Zubizarreta,es autor de la obra,Cien vidas paraguayas
Augusto Roa Bastos,es de nacionalidad,paraguaya
Augusto Roa Bastos,es autor de la obra,10 relatos de amor
Augusto Roa Bastos,es autor de la obra,Penal El paraíso y otros cuentos
Augusto Roa Bastos,es autor de la obra,The Contravida
Augusto Roa Bastos,es autor de la obra,El Trueno Entre Las Hojas
Augusto Roa Bastos,es autor de la obra,"Pollito de Fuego, El"
Augusto Roa Bastos,es autor de la obra,Los Conjurados del Quilombo del Gran... (Alfaguara)
Augusto Roa Bastos,es autor de la obra,Poesias Reunidas
Augusto Roa Bastos,es autor de la obra,Hijo de Hombre / Son of Man
Augusto Roa Bastos,es autor de la obra,Cuentos Completos
Augusto Roa Bastos,es autor de la obra,El Trueno Entre Las Hojas
Augusto Roa Bastos,es autor de la obra,Vigilia del Almirante
Augusto Roa Bastos,es autor de la obra,Hijo de Hombre
Augusto Roa Bastos,es autor de la obra,Poesia
Augusto Roa Bastos,es autor de la obra,El Fiscal
Augusto Roa Bastos,es autor de la obra,Yo El Supremo
Carlos Villagra Marsal,es de nacionalidad,paraguaya
Carlos Villagra Marsal,es autor de la obra,Zoque / Maya kaqchikel / Guaraní / Mapuzaungun
Carlos Villagra Marsal,es autor de la obra,Mercados y ferias del Paraguay
Carlos Villagra Marsal,es autor de la obra,Poesía congregada y otros afanes
Carlos Villagra Marsal,es autor de la obra,Ka'i rembihasakue =
Carlos Villagra Marsal,es autor de la obra,"Sentencias, conjuros, fórmulas y creencias en el Paraguay"
Hugo Rodríguez-Alcalá,es de nacionalidad,paraguaya
Josefina Plá,es de nacionalidad,paraguaya
Josefina Plá,es autor de la obra,Los italianos en el Paraguay
Josefina Plá,es autor de la obra,Josefina Plá
Josefina Plá,es autor de la obra,La mano en la tierra y otros relatos
Josefina Plá,es autor de la obra,La nave del olvido
Josefina Plá,es autor de la obra,Invención de la muerte
Josefina Plá,es autor de la obra,El barroco hispano-guaraní
Josefina Plá,es autor de la obra,Short stories
Luis María Martínez,es de nacionalidad,paraguaya
Luis María Martínez,es autor de la obra,El pueblo está en camino de ser otro
Luis María Martínez,es autor de la obra,José Martí en Paraguay
Luis María Martínez,es autor de la obra,Poesía social del Paraguay
Luis María Martínez,es autor de la obra,Periodista inoportuno
Luis María Martínez,es autor de la obra,"Esperar la tormenta, 2003-2005"
Nila López,es de nacionalidad,paraguaya
Nila López,es autor de la obra,El canto de Eva
Nila López,es autor de la obra,El secreto de la garza
Nila López,es autor de la obra,El jardin de la Mirada
Nila López,es autor de la obra,El bosque sagrado
Nila López,es autor de la obra,Maestras
Nila López,es autor de la obra,Señales
Oscar Ferreiro,es de nacionalidad,paraguaya
Rafael Barrett,es de nacionalidad,paraguaya
Rafael Barrett,es autor de la obra,Cuentos - Tomo I
Rafael Barrett,es autor de la obra,Colección Rafael Barrett. Moralidades Actuales
Rafael Barrett,es autor de la obra,Colección Rafael Barrett. Ideas y Críticas
Rafael Barrett,es autor de la obra,Ensayos - Tomo VII
Rafael Barrett,es autor de la obra,Antologia (Spanish Edition)
Rafael Barrett,es autor de la obra,Ensayos - Tomo VI
Rafael Barrett,es autor de la obra,Ensayos - Tomo II
Rafael Barrett,es autor de la obra,Antologia
Rafael Barrett,es autor de la obra,Ensayos - Tomo V
Rafael Barrett,es autor de la obra,Colección Rafael Barrett. Al Margen
Rafael Barrett,es autor de la obra,Ensayos - Tomo IV
Rafael Barrett,es autor de la obra,Rafael Barrett. Mirando Vivir
Rafael Barrett,es autor de la obra,Ensayos -Tomo III
Rafael Barrett,es autor de la obra,Ensayos
Rafael Barrett,es autor de la obra,14 Cuentos Breves de Rafael Barrett
Rafael Barrett,es autor de la obra,Cuentos breves
Rafael Barrett,es autor de la obra,El terror argentino
Rafael Barrett,es autor de la obra,Hacia el porvenir
Rafael Barrett,es autor de la obra,A partir de ahora el combate será libre
Renée Ferrer,es de nacionalidad,paraguaya
Roque Vallejos,es de nacionalidad,paraguaya
9789996724916,es un codigo ISBN para el libro,Versos para este planeta
9789996724916,es un codigo ISBN de una edicion publicada por,Grupo Editorial Atlas
9789995300364,es un codigo ISBN para el libro,Versos de amor y de locura
9789995300364,es un codigo ISBN de una edicion publicada por,Northwest Pub
9789995301552,es un codigo ISBN para el libro,Guía del cementerio
9789995301552,es un codigo ISBN de una edicion publicada por,Servilibro
9789995302900,es un codigo ISBN para el libro,La voz negada
9789995302900,es un codigo ISBN de una edicion publicada por,Servilibro
9781521778548,es un codigo ISBN para el libro,Club de Los Que Nunca Duermen
9781521778548,es un codigo ISBN de una edicion publicada por,Independently Published
9789995305598,es un codigo ISBN para el libro,Como si hiciera falta
9789995305598,es un codigo ISBN de una edicion publicada por,Servilibro
9789992545720,es un codigo ISBN para el libro,Poema de la celebración
9789992545720,es un codigo ISBN de una edicion publicada por,Arandurã Editorial
9789996720017,es un codigo ISBN para el libro,"De lodo, miel y lágrimas?"
9789996720017,es un codigo ISBN de una edicion publicada por,Arandura Editorial
9781726271912,es un codigo ISBN para el libro,Entre Tintas y Pliego
9781726271912,es un codigo ISBN de una edicion publicada por,CreateSpace Independent Publishing Platform
9781986762298,es un codigo ISBN para el libro,Tributo a la Poesía
9781986762298,es un codigo ISBN de una edicion publicada por,CreateSpace Independent Publishing Platform
9781534944244,es un codigo ISBN para el libro,Alma en Manos
9781534944244,es un codigo ISBN de una edicion publicada por,CreateSpace Independent Publishing Platform
9781515389996,es un codigo ISBN para el libro,Antologia Poetica Internacional Mujeres y Sus Plumas II
9781515389996,es un codigo ISBN de una edicion publicada por,CreateSpace Independent Publishing Platform
9781533610010,es un codigo ISBN para el libro,Nueva Vida : Más Allá Del Amor
9781533610010,es un codigo ISBN de una edicion publicada por,CreateSpace Independent Publishing Platform
9781515234142,es un codigo ISBN para el libro,Tributo a Delfina Acosta
9781515234142,es un codigo ISBN de una edicion publicada por,CreateSpace Independent Publishing Platform
9781537761565,es un codigo ISBN para el libro,Rimas Al Amor
9781537761565,es un codigo ISBN de una edicion publicada por,CreateSpace Independent Publishing Platform
9781983963278,es un codigo ISBN para el libro,Antología Poética Internacional Mujeres y Sus Plumas III
9781983963278,es un codigo ISBN de una edicion publicada por,CreateSpace Independent Publishing Platform
9781514858899,es un codigo ISBN para el libro,Antologia Poetica Internacional Mujeres y Sus Plumas I
9781514858899,es un codigo ISBN de una edicion publicada por,CreateSpace Independent Publishing Platform
9781533275073,es un codigo ISBN para el libro,Espejismos
9781533275073,es un codigo ISBN de una edicion publicada por,CreateSpace Independent Publishing Platform
9798502317108,es un codigo ISBN para el libro,Entre Líneas
9798502317108,es un codigo ISBN de una edicion publicada por,Independently Published
9798502358774,es un codigo ISBN para el libro,Sin Rodeos
9798502358774,es un codigo ISBN de una edicion publicada por,Independently Published
9798696929408,es un codigo ISBN para el libro,Día Del Poeta Paraguayo
9798696929408,es un codigo ISBN de una edicion publicada por,Independently Published
9781093670042,es un codigo ISBN para el libro,Namasté
9781093670042,es un codigo ISBN de una edicion publicada por,Independently Published
9781729233511,es un codigo ISBN para el libro,Vestigios
9781729233511,es un codigo ISBN de una edicion publicada por,Independently Published
9789508602152,es un codigo ISBN para el libro,La voz mediterránea
9789508602152,es un codigo ISBN de una edicion publicada por,Ediciones del IMFC
9789992545744,es un codigo ISBN para el libro,Ñé ẽ jovái  =
9789992545744,es un codigo ISBN de una edicion publicada por,Arandurã Editorial
9789995304133,es un codigo ISBN para el libro,Antología poética
9789995304133,es un codigo ISBN de una edicion publicada por,Servilibro
9789995304614,es un codigo ISBN para el libro,El guardián de los recuerdos
9789995304614,es un codigo ISBN de una edicion publicada por,Servilibro
9789996752247,es un codigo ISBN para el libro,Primera pergunta
9789996752247,es un codigo ISBN de una edicion publicada por,United States Government Printing
9789995306458,es un codigo ISBN para el libro,El fin de la memoria
9789995306458,es un codigo ISBN de una edicion publicada por,Servilibro
9789995302481,es un codigo ISBN para el libro,El callejón oscuro
9789995302481,es un codigo ISBN de una edicion publicada por,Servilibro
9789995350918,es un codigo ISBN para el libro,Cenizas de un rencor
9789995350918,es un codigo ISBN de una edicion publicada por,Arandurã
9781508663195,es un codigo ISBN para el libro,Cafe Amargo con Salvia
9781508663195,es un codigo ISBN de una edicion publicada por,CreateSpace Independent Publishing Platform
9789995301347,es un codigo ISBN para el libro,Ñemitỹ
9789995301347,es un codigo ISBN de una edicion publicada por,Servilibro
9789996752858,es un codigo ISBN para el libro,Más allá del pasado
9789996752858,es un codigo ISBN de una edicion publicada por,Servi Libro
9789996745171,es un codigo ISBN para el libro,El condor sigue volando
9789996745171,es un codigo ISBN de una edicion publicada por,Editorial Quimantú
9789995340414,es un codigo ISBN para el libro,"Paraguay, la cárcel olvidada"
9789995340414,es un codigo ISBN de una edicion publicada por,Undecima edicion
9789995302986,es un codigo ISBN para el libro,La pruebera (Español-Guaraní)
9789995302986,es un codigo ISBN de una edicion publicada por,Servilibro
9789995322588,es un codigo ISBN para el libro,Fecha feliz
9789995322588,es un codigo ISBN de una edicion publicada por,Servilibro
9789996762406,es un codigo ISBN para el libro,Paraguay
9789996762406,es un codigo ISBN de una edicion publicada por,"Mersán Emprendimientos SRL, Terranova Editorial SA"
9789992598405,es un codigo ISBN para el libro,Augusto Roa Bastos
9789992598405,es un codigo ISBN de una edicion publicada por,Servi Libro
9789995304126,es un codigo ISBN para el libro,Tentación de la utopía
9789995304126,es un codigo ISBN de una edicion publicada por,Servilibro
9789992593271,es un codigo ISBN para el libro,La diversidad poética en el Paraguay
9789992593271,es un codigo ISBN de una edicion publicada por,Servilibro
9789995334109,es un codigo ISBN para el libro,La babosa y sus críticos
9789995334109,es un codigo ISBN de una edicion publicada por,Intercontinental Editora
9789992597545,es un codigo ISBN para el libro,El séptimo pétalo del viento
9789992597545,es un codigo ISBN de una edicion publicada por,Servi Libro
9789992592199,es un codigo ISBN para el libro,La rosa azul
9789992592199,es un codigo ISBN de una edicion publicada por,Servilibro
9789992596111,es un codigo ISBN para el libro,Ojo por diente
9789992596111,es un codigo ISBN de una edicion publicada por,ServiLibro
9789995300289,es un codigo ISBN para el libro,Diversidad en la literatura de nuestra América
9789995300289,es un codigo ISBN de una edicion publicada por,Servilibro
9789995301620,es un codigo ISBN para el libro,Concurso de Poesía
9789995301620,es un codigo ISBN de una edicion publicada por,"Cámara Paraguaya de Editores, Libreros y Asociados"
9789995302016,es un codigo ISBN para el libro,"La vida solitaria del Dr. José Gaspar de Francia, dictador del Paraguay"
9789995302016,es un codigo ISBN de una edicion publicada por,SERVILIBRO
9789995303617,es un codigo ISBN para el libro,Historia de la medicina en el Paraguay
9789995303617,es un codigo ISBN de una edicion publicada por,Servilibro
9789992592137,es un codigo ISBN para el libro,Sueño y realidad del oro en el nuevo mundo
9789992592137,es un codigo ISBN de una edicion publicada por,Servi Libro
9789995334314,es un codigo ISBN para el libro,El bandolero
9789995334314,es un codigo ISBN de una edicion publicada por,Criterio Ediciones
9789992590928,es un codigo ISBN para el libro,Los exiliados
9789992590928,es un codigo ISBN de una edicion publicada por,Criterio Ediciones
9789996710056,es un codigo ISBN para el libro,René Dávalos--
9789996710056,es un codigo ISBN de una edicion publicada por,FONDEC
9789992536551,es un codigo ISBN para el libro,Pecados capitales
9789992536551,es un codigo ISBN de una edicion publicada por,El Lector
9789995301521,es un codigo ISBN para el libro,El primo Juan
9789995301521,es un codigo ISBN de una edicion publicada por,Servilibro
9789995305284,es un codigo ISBN para el libro,Obras completas
9789995305284,es un codigo ISBN de una edicion publicada por,ServiLibro
9789992597231,es un codigo ISBN para el libro,Nuestra gente
9789992597231,es un codigo ISBN de una edicion publicada por,El Lector
9789995300821,es un codigo ISBN para el libro,"Primeros poemas, 1945-1948 / Ramiro Domínguez"
9789995300821,es un codigo ISBN de una edicion publicada por,ServiLibro
9789873687747,es un codigo ISBN para el libro,Aura latente
9789873687747,es un codigo ISBN de una edicion publicada por,Tinta Limón Ediciones
9789995379940,es un codigo ISBN para el libro,La invención de la distancia
9789995379940,es un codigo ISBN de una edicion publicada por,AICA
9788494343384,es un codigo ISBN para el libro,Imagen e intemperie
9788494343384,es un codigo ISBN de una edicion publicada por,Clave Intelectual
9789876144858,es un codigo ISBN para el libro,Imagen e intemperie
9789876144858,es un codigo ISBN de una edicion publicada por,Capital Intelectual S.A.
9789995300531,es un codigo ISBN para el libro,Una interpretación de las artes visuales en el Paraguay
9789995300531,es un codigo ISBN de una edicion publicada por,Servilibro
9789995304065,es un codigo ISBN para el libro,La belleza de los otros
9789995304065,es un codigo ISBN de una edicion publicada por,Servilibro
9789568415136,es un codigo ISBN para el libro,El mito del arte y el mito del pueblo
9789568415136,es un codigo ISBN de una edicion publicada por,Ediciones/Metales Pesados
9789996794278,es un codigo ISBN para el libro,El dolor de Barrett
9789996794278,es un codigo ISBN de una edicion publicada por,Servilibro
9789995312534,es un codigo ISBN para el libro,Trilogía teatral sobre la Guerra del 70
9789995312534,es un codigo ISBN de una edicion publicada por,El Lector
9789995310844,es un codigo ISBN para el libro,"La hegemonía colorada, 1947-1954"
9789995310844,es un codigo ISBN de una edicion publicada por,El Lector
9789995304911,es un codigo ISBN para el libro,Un viento negro
9789995304911,es un codigo ISBN de una edicion publicada por,Servilibro
9789995301033,es un codigo ISBN para el libro,¿Qúe hacías aquella noche?
9789995301033,es un codigo ISBN de una edicion publicada por,Servilibro
9798679107052,es un codigo ISBN para el libro,Amor de invierno
9798679107052,es un codigo ISBN de una edicion publicada por,Independently Published
9789992593486,es un codigo ISBN para el libro,Obras teatrales
9789992593486,es un codigo ISBN de una edicion publicada por,El Lector
9789992593493,es un codigo ISBN para el libro,"Cita en el ""San Roque"""
9789992593493,es un codigo ISBN de una edicion publicada por,Amer Society of Civil Engineers
9789996764400,es un codigo ISBN para el libro,Conocimiento y gobierno de José Gaspar de Francia
9789996764400,es un codigo ISBN de una edicion publicada por,Ediciones Cerro Corá
9789995390105,es un codigo ISBN para el libro,Domingos Contigo
9789995390105,es un codigo ISBN de una edicion publicada por,Cardinal FM 92.3
9789996725517,es un codigo ISBN para el libro,Tarde de abril
9789996725517,es un codigo ISBN de una edicion publicada por,Criterio ediciones
9789995334949,es un codigo ISBN para el libro,Dónde estará mi primavera
9789995334949,es un codigo ISBN de una edicion publicada por,Criterio ediciones
9789995300715,es un codigo ISBN para el libro,Recuerdos de gloria
9789995300715,es un codigo ISBN de una edicion publicada por,ServiLibro
9798712292059,es un codigo ISBN para el libro,Media Vida
9798712292059,es un codigo ISBN de una edicion publicada por,Independently Published
9789995335052,es un codigo ISBN para el libro,Nobis
9789995335052,es un codigo ISBN de una edicion publicada por,"FONDEC, Fondo Nacional de la Cultura y las Artes"
9789996737688,es un codigo ISBN para el libro,José María Rivarola Matto
9789996737688,es un codigo ISBN de una edicion publicada por,FONDEC
9789995334574,es un codigo ISBN para el libro,Su Señoría tiene miedo : comedia en tres actos. El sectario
9789995334574,es un codigo ISBN de una edicion publicada por,Criterio Ediciones.
9789992597040,es un codigo ISBN para el libro,El fin de Chipí González
9789992597040,es un codigo ISBN de una edicion publicada por,Criterio Ediciones
9789992560464,es un codigo ISBN para el libro,Follaje en los ojos
9789992560464,es un codigo ISBN de una edicion publicada por,Editorial El Lector
9789996734281,es un codigo ISBN para el libro,"A propósito de la guerra contra el Paraguay por la Confederación Argentina, el Uruguay y el Brasil"
9789996734281,es un codigo ISBN de una edicion publicada por,Alianza Francesa
9789996748165,es un codigo ISBN para el libro,Narciso
9789996748165,es un codigo ISBN de una edicion publicada por,Criterio Ediciones
9789996774317,es un codigo ISBN para el libro,La Guerra del Paraguay en primera persona
9789996774317,es un codigo ISBN de una edicion publicada por,Editorial Tiempo de Historia
9789996781445,es un codigo ISBN para el libro,Sobre el autoritarismo y otros ensayos
9789996781445,es un codigo ISBN de una edicion publicada por,Editorial Tiempo de Historia
9789995307288,es un codigo ISBN para el libro,La noche del catorce
9789995307288,es un codigo ISBN de una edicion publicada por,Servilibro
9789992552063,es un codigo ISBN para el libro,Narradoras paraguayas
9789992552063,es un codigo ISBN de una edicion publicada por,Expolibro
9789995381615,es un codigo ISBN para el libro,Paraguay y Brasil
9789995381615,es un codigo ISBN de una edicion publicada por,Tiempo de Historia
9789995300883,es un codigo ISBN para el libro,El peluquero francés
9789995300883,es un codigo ISBN de una edicion publicada por,Servilibro
9781426483615,es un codigo ISBN para el libro,Caballero
9781426483615,es un codigo ISBN de una edicion publicada por,BiblioBazaar
9789500704533,es un codigo ISBN para el libro,Caballero
9789500704533,es un codigo ISBN de una edicion publicada por,Editorial Sudamericana
9781426484117,es un codigo ISBN para el libro,Caballero
9781426484117,es un codigo ISBN de una edicion publicada por,BiblioBazaar
9789995381646,es un codigo ISBN para el libro,Francia
9789995381646,es un codigo ISBN de una edicion publicada por,Editorial Tiempo de Historia
9789996752070,es un codigo ISBN para el libro,"Elvio Romero, poeta paraguayo"
9789996752070,es un codigo ISBN de una edicion publicada por,"República del Paraguay, Congreso de la Nación"
9789995310028,es un codigo ISBN para el libro,Cantar de caminante
9789995310028,es un codigo ISBN de una edicion publicada por,Editorial El Lector
9789879093030,es un codigo ISBN para el libro,Poesía completa
9789879093030,es un codigo ISBN de una edicion publicada por,Ediciones De Aquí a la Vuelta
9789500301022,es un codigo ISBN para el libro,Antologia Poetica - Elvio Romero
9789500301022,es un codigo ISBN de una edicion publicada por,Losada
9789500302395,es un codigo ISBN para el libro,Los Innombrables
9789500302395,es un codigo ISBN de una edicion publicada por,Losada
9789500301794,es un codigo ISBN para el libro,Miguel Hernandez - Destino y Poesia
9789500301794,es un codigo ISBN de una edicion publicada por,Losada
9789500356589,es un codigo ISBN para el libro,The Un Relampago Herido
9789500356589,es un codigo ISBN de una edicion publicada por,Edebe
9789500303194,es un codigo ISBN para el libro,"Viejo Fuego, El"
9789500303194,es un codigo ISBN de una edicion publicada por,Losada
9789500303958,es un codigo ISBN para el libro,Los valles imaginarios
9789500303958,es un codigo ISBN de una edicion publicada por,Losada
9789995308834,es un codigo ISBN para el libro,Cuentos guaireños
9789995308834,es un codigo ISBN de una edicion publicada por,Servilibro
9789995304041,es un codigo ISBN para el libro,Remedios naturales del Paraguay
9789995304041,es un codigo ISBN de una edicion publicada por,Servilibro
9789996752254,es un codigo ISBN para el libro,Testimonios para la historia del Paraguay en el siglo XX
9789996752254,es un codigo ISBN de una edicion publicada por,Servilibro
9789995300494,es un codigo ISBN para el libro,La hondita impaciente
9789995300494,es un codigo ISBN de una edicion publicada por,ServiLibro
9789995301927,es un codigo ISBN para el libro,El país de la sopa dura
9789995301927,es un codigo ISBN de una edicion publicada por,Editorial Servilibro
9789992597590,es un codigo ISBN para el libro,Diccionario del paraguayo estreñido
9789992597590,es un codigo ISBN de una edicion publicada por,Servilibro
9789995338732,es un codigo ISBN para el libro,La Casa Blanca
9789995338732,es un codigo ISBN de una edicion publicada por,Alfaguara
9789995300647,es un codigo ISBN para el libro,El cangrejo inmortal
9789995300647,es un codigo ISBN de una edicion publicada por,ServiLibro
9789992590713,es un codigo ISBN para el libro,"Plagueos, ensayos y otros divagues"
9789992590713,es un codigo ISBN de una edicion publicada por,Fondec
9789992591680,es un codigo ISBN para el libro,Trofeos de la guerra y otros cuentos picarescos
9789992591680,es un codigo ISBN de una edicion publicada por,Servilibro
9789995334581,es un codigo ISBN para el libro,Tutela penal del honor contra lesiones cometidas a través de los medios de comunicación
9789995334581,es un codigo ISBN de una edicion publicada por,Intercontinental Editora
9789995301231,es un codigo ISBN para el libro,El verdadero diccionario paraguayo
9789995301231,es un codigo ISBN de una edicion publicada por,Servilibro
9789995302856,es un codigo ISBN para el libro,Antología de cuentos de Helio Vera
9789995302856,es un codigo ISBN de una edicion publicada por,Servilibro
9789995350963,es un codigo ISBN para el libro,Ñe'ẽnga jarýi
9789995350963,es un codigo ISBN de una edicion publicada por,Arandurã Editorial
9789945492965,es un codigo ISBN para el libro,Paraguái ñe'ẽ
9789945492965,es un codigo ISBN de una edicion publicada por,Editora Nacional
9789996720796,es un codigo ISBN para el libro,Manual de esgrima para elefantes
9789996720796,es un codigo ISBN de una edicion publicada por,Arandurã editorial
9789995304171,es un codigo ISBN para el libro,Javier Viveros
9789995304171,es un codigo ISBN de una edicion publicada por,Servilibro
9789996742224,es un codigo ISBN para el libro,Ñeenga raity
9789996742224,es un codigo ISBN de una edicion publicada por,Arandurã Editorial
9789995350741,es un codigo ISBN para el libro,"Urbano, demasiado urbano"
9789995350741,es un codigo ISBN de una edicion publicada por,Arandurã Editorial
9789995350635,es un codigo ISBN para el libro,Mensajeámena
9789995350635,es un codigo ISBN de una edicion publicada por,Arandurã Editorial
9789996742262,es un codigo ISBN para el libro,Genocidio Guaraní
9789996742262,es un codigo ISBN de una edicion publicada por,Arandurã
9789995305529,es un codigo ISBN para el libro,La poesía guaraní del siglo XX
9789995305529,es un codigo ISBN de una edicion publicada por,Servilibro
9789995303228,es un codigo ISBN para el libro,La Ley de lenguas del Paraguay
9789995303228,es un codigo ISBN de una edicion publicada por,Servilibro
9789995300401,es un codigo ISBN para el libro,Origen e historias de Asunción
9789995300401,es un codigo ISBN de una edicion publicada por,ServiLibro
9789995302818,es un codigo ISBN para el libro,Cien vidas paraguayas
9789995302818,es un codigo ISBN de una edicion publicada por,Servilibro
9788401540028,es un codigo ISBN para el libro,10 relatos de amor
9788401540028,es un codigo ISBN de una edicion publicada por,Plaza & Janés
9789992591420,es un codigo ISBN para el libro,Penal El paraíso y otros cuentos
9789992591420,es un codigo ISBN de una edicion publicada por,El Lector
9789580429319,es un codigo ISBN para el libro,The Contravida
9789580429319,es un codigo ISBN de una edicion publicada por,Norma
9789500303071,es un codigo ISBN para el libro,El Trueno Entre Las Hojas
9789500303071,es un codigo ISBN de una edicion publicada por,Losada
9780613875448,es un codigo ISBN para el libro,"Pollito de Fuego, El"
9780613875448,es un codigo ISBN de una edicion publicada por,Tandem Library
9789505116829,es un codigo ISBN para el libro,Los Conjurados del Quilombo del Gran... (Alfaguara)
9789505116829,es un codigo ISBN de una edicion publicada por,Alfaguara
9789992560273,es un codigo ISBN para el libro,Poesias Reunidas
9789992560273,es un codigo ISBN de una edicion publicada por,El Lector
9780606202077,es un codigo ISBN para el libro,Hijo de Hombre / Son of Man
9780606202077,es un codigo ISBN de una edicion publicada por,Turtleback Books Distributed by Demco Media
9789992560266,es un codigo ISBN para el libro,Cuentos Completos
9789992560266,es un codigo ISBN de una edicion publicada por,El Lector
9789992560242,es un codigo ISBN para el libro,El Trueno Entre Las Hojas
9789992560242,es un codigo ISBN de una edicion publicada por,El Lector
9789500711661,es un codigo ISBN para el libro,Vigilia del Almirante
9789500711661,es un codigo ISBN de una edicion publicada por,Sudamericana
9789992560259,es un codigo ISBN para el libro,Hijo de Hombre
9789992560259,es un codigo ISBN de una edicion publicada por,El Lector
9780140260830,es un codigo ISBN para el libro,Hijo de Hombre
9780140260830,es un codigo ISBN de una edicion publicada por,Penguin (Non-Classics)
9789505816835,es un codigo ISBN para el libro,Poesia
9789505816835,es un codigo ISBN de una edicion publicada por,Libros Sin Fronteras
9780679760924,es un codigo ISBN para el libro,El Fiscal
9780679760924,es un codigo ISBN de una edicion publicada por,Aims Intl Books Corp
9789500708876,es un codigo ISBN para el libro,El Fiscal
9789500708876,es un codigo ISBN de una edicion publicada por,Sudamericana
9789992560280,es un codigo ISBN para el libro,Yo El Supremo
9789992560280,es un codigo ISBN de una edicion publicada por,El Lector
9789500702775,es un codigo ISBN para el libro,Yo El Supremo
9789500702775,es un codigo ISBN de una edicion publicada por,Aims Intl Books Corp
9789974890213,es un codigo ISBN para el libro,Zoque / Maya kaqchikel / Guaraní / Mapuzaungun
9789974890213,es un codigo ISBN de una edicion publicada por,Amoredemisamores
9789992586037,es un codigo ISBN para el libro,Mercados y ferias del Paraguay
9789992586037,es un codigo ISBN de una edicion publicada por,Fotosíntesis
9789995300487,es un codigo ISBN para el libro,Poesía congregada y otros afanes
9789995300487,es un codigo ISBN de una edicion publicada por,Servilibro
9789995302238,es un codigo ISBN para el libro,Ka'i rembihasakue =
9789995302238,es un codigo ISBN de una edicion publicada por,Diario Popular
9789995302269,es un codigo ISBN para el libro,"Sentencias, conjuros, fórmulas y creencias en el Paraguay"
9789995302269,es un codigo ISBN de una edicion publicada por,Servilibro
9789995308704,es un codigo ISBN para el libro,Los italianos en el Paraguay
9789995308704,es un codigo ISBN de una edicion publicada por,Servilibro
9789995307479,es un codigo ISBN para el libro,Josefina Plá
9789995307479,es un codigo ISBN de una edicion publicada por,Servilibro
9789995300340,es un codigo ISBN para el libro,La mano en la tierra y otros relatos
9789995300340,es un codigo ISBN de una edicion publicada por,ServiLibro
9788485048953,es un codigo ISBN para el libro,La nave del olvido
9788485048953,es un codigo ISBN de una edicion publicada por,Luis Ripoll
9789974801592,es un codigo ISBN para el libro,Invención de la muerte
9789974801592,es un codigo ISBN de una edicion publicada por,Ediciones del Caballo Perdido
9789992572641,es un codigo ISBN para el libro,El barroco hispano-guaraní
9789992572641,es un codigo ISBN de una edicion publicada por,"Universidad Católica ""Nuestra Señora de la Asunción"""
9789562825153,es un codigo ISBN para el libro,Short stories
9789562825153,es un codigo ISBN de una edicion publicada por,LOM Ediciones
9789996753879,es un codigo ISBN para el libro,El pueblo está en camino de ser otro
9789996753879,es un codigo ISBN de una edicion publicada por,Arandurã Editorial
9789995303365,es un codigo ISBN para el libro,José Martí en Paraguay
9789995303365,es un codigo ISBN de una edicion publicada por,Servilibro
9789992572399,es un codigo ISBN para el libro,Poesía social del Paraguay
9789992572399,es un codigo ISBN de una edicion publicada por,Criterio Ediciones
9789996749957,es un codigo ISBN para el libro,Periodista inoportuno
9789996749957,es un codigo ISBN de una edicion publicada por,Editorial Arandurã
9789992545980,es un codigo ISBN para el libro,Periodista inoportuno
9789992545980,es un codigo ISBN de una edicion publicada por,Arandura Editorial
9789995350222,es un codigo ISBN para el libro,"Esperar la tormenta, 2003-2005"
9789995350222,es un codigo ISBN de una edicion publicada por,Arandurã Editorial
9789995305819,es un codigo ISBN para el libro,El canto de Eva
9789995305819,es un codigo ISBN de una edicion publicada por,Servilibro
9789995303396,es un codigo ISBN para el libro,El secreto de la garza
9789995303396,es un codigo ISBN de una edicion publicada por,Servilibro
9789995322212,es un codigo ISBN para el libro,El jardin de la Mirada
9789995322212,es un codigo ISBN de una edicion publicada por,Fondo Nacional de la Cultura y las Artes
9789995300630,es un codigo ISBN para el libro,El bosque sagrado
9789995300630,es un codigo ISBN de una edicion publicada por,Servilibro
9789992590799,es un codigo ISBN para el libro,Maestras
9789992590799,es un codigo ISBN de una edicion publicada por,FONDEC
9789995300616,es un codigo ISBN para el libro,Señales
9789995300616,es un codigo ISBN de una edicion publicada por,Servilibro
9781502418173,es un codigo ISBN para el libro,Cuentos - Tomo I
9781502418173,es un codigo ISBN de una edicion publicada por,CreateSpace Independent Publishing Platform
9781977703828,es un codigo ISBN para el libro,Colección Rafael Barrett. Moralidades Actuales
9781977703828,es un codigo ISBN de una edicion publicada por,CreateSpace Independent Publishing Platform
9781977702357,es un codigo ISBN para el libro,Colección Rafael Barrett. Ideas y Críticas
9781977702357,es un codigo ISBN de una edicion publicada por,CreateSpace Independent Publishing Platform
9781502425836,es un codigo ISBN para el libro,Ensayos - Tomo VII
9781502425836,es un codigo ISBN de una edicion publicada por,CreateSpace Independent Publishing Platform
9781545196229,es un codigo ISBN para el libro,Antologia (Spanish Edition)
9781545196229,es un codigo ISBN de una edicion publicada por,CreateSpace Independent Publishing Platform
9781539713333,es un codigo ISBN para el libro,Antologia (Spanish Edition)
9781539713333,es un codigo ISBN de una edicion publicada por,CreateSpace Independent Publishing Platform
9781502425720,es un codigo ISBN para el libro,Ensayos - Tomo VI
9781502425720,es un codigo ISBN de una edicion publicada por,CreateSpace Independent Publishing Platform
9781502418340,es un codigo ISBN para el libro,Ensayos - Tomo II
9781502418340,es un codigo ISBN de una edicion publicada por,CreateSpace Independent Publishing Platform
9781981192915,es un codigo ISBN para el libro,Antologia
9781981192915,es un codigo ISBN de una edicion publicada por,CreateSpace Independent Publishing Platform
9781502425676,es un codigo ISBN para el libro,Ensayos - Tomo V
9781502425676,es un codigo ISBN de una edicion publicada por,CreateSpace Independent Publishing Platform
9781977702494,es un codigo ISBN para el libro,Colección Rafael Barrett. Al Margen
9781977702494,es un codigo ISBN de una edicion publicada por,CreateSpace Independent Publishing Platform
9781502420534,es un codigo ISBN para el libro,Ensayos - Tomo IV
9781502420534,es un codigo ISBN de una edicion publicada por,CreateSpace Independent Publishing Platform
9781977705648,es un codigo ISBN para el libro,Rafael Barrett. Mirando Vivir
9781977705648,es un codigo ISBN de una edicion publicada por,CreateSpace Independent Publishing Platform
9781502420275,es un codigo ISBN para el libro,Ensayos -Tomo III
9781502420275,es un codigo ISBN de una edicion publicada por,CreateSpace Independent Publishing Platform
9781482609325,es un codigo ISBN para el libro,Ensayos
9781482609325,es un codigo ISBN de una edicion publicada por,CreateSpace Independent Publishing Platform
9781723817328,es un codigo ISBN para el libro,14 Cuentos Breves de Rafael Barrett
9781723817328,es un codigo ISBN de una edicion publicada por,Independently Published
9789992597255,es un codigo ISBN para el libro,Cuentos breves
9789992597255,es un codigo ISBN de una edicion publicada por,Lector
9789875141506,es un codigo ISBN para el libro,El terror argentino
9789875141506,es un codigo ISBN de una edicion publicada por,Leviatán
9788493623258,es un codigo ISBN para el libro,Hacia el porvenir
9788493623258,es un codigo ISBN de una edicion publicada por,Periférica
9789872377724,es un codigo ISBN para el libro,A partir de ahora el combate será libre
9789872377724,es un codigo ISBN de una edicion publicada por,Madreselva
